record_key,mouse_record,sex_group,version,annotator_a,annotator_b,n_frames_compared,accuracy,balanced_accuracy,macro_f1,cohen_kappa,mcc,ari,nmi
Female_likely/Mouse060_20160526_18-16-27,Mouse060_20160526_18-16-27,Female_likely,v1,annotator1,annotator2,24292,0.9731187222130743,0.9675061681262417,0.9652249248762114,0.9459645589826463,0.9459842766898172,0.9190618796449983,0.8466353938724892
Female_likely/Mouse060_20160526_18-16-27,Mouse060_20160526_18-16-27,Female_likely,v1,annotator1,annotator3,24292,0.9585871891980899,0.9332316164938649,0.9470889262907188,0.9148114633546556,0.9155766985295241,0.8721769358945488,0.7907534142638043
Female_likely/Mouse060_20160526_18-16-27,Mouse060_20160526_18-16-27,Female_likely,v1,annotator1,annotator4,24292,0.9389922608266096,0.9158686454878951,0.9180087554777554,0.8756521224899514,0.876224211641261,0.8241602022604979,0.7157698030875547
Female_likely/Mouse060_20160526_18-16-27,Mouse060_20160526_18-16-27,Female_likely,v1,annotator1,annotator5,24292,0.96558537790219,0.9539451896487569,0.7167341618522026,0.9310132681190149,0.9311352214106675,0.9063713909350986,0.8225889743947744
Female_likely/Mouse060_20160526_18-16-27,Mouse060_20160526_18-16-27,Female_likely,v1,annotator1,annotator6,24292,0.9524534826280256,0.9569178820598246,0.7077754469459772,0.9064236027737058,0.9077684302633688,0.8565803610670513,0.7830841072372936
Female_likely/Mouse060_20160526_18-16-27,Mouse060_20160526_18-16-27,Female_likely,v1,annotator1,annotator7,24292,0.9192738350074099,0.8750218400095323,0.8916981863229226,0.832079030046568,0.8340643312959093,0.7616300930667008,0.6435619329042239
Female_likely/Mouse060_20160526_18-16-27,Mouse060_20160526_18-16-27,Female_likely,v1,annotator1,annotator8,24292,0.8925983863000164,0.8400120952391217,0.8482569106411338,0.7792046326448318,0.7800017594096168,0.7132227394615916,0.562809818215548
Female_likely/Mouse060_20160526_18-16-27,Mouse060_20160526_18-16-27,Female_likely,v1,annotator2,annotator3,24292,0.9587930182776223,0.9298520421305896,0.9456233087450352,0.9155254605865452,0.9165522102872631,0.8757233671138501,0.7922022369782317
Female_likely/Mouse060_20160526_18-16-27,Mouse060_20160526_18-16-27,Female_likely,v1,annotator2,annotator4,24292,0.9398567429606455,0.9146324549170388,0.9188357763846756,0.8778241204268084,0.8785738978454256,0.8276192782801708,0.7187019236662895
Female_likely/Mouse060_20160526_18-16-27,Mouse060_20160526_18-16-27,Female_likely,v1,annotator2,annotator5,24292,0.9636505845545859,0.9480716806930817,0.7139640542107982,0.9273600340676933,0.9274315217570336,0.9035220835475998,0.8146527504202203
Female_likely/Mouse060_20160526_18-16-27,Mouse060_20160526_18-16-27,Female_likely,v1,annotator2,annotator6,24292,0.9552527581096657,0.9541410406971034,0.7074279115232762,0.9121819232529045,0.913245448743664,0.8717588860546106,0.7890532096640636
Female_likely/Mouse060_20160526_18-16-27,Mouse060_20160526_18-16-27,Female_likely,v1,annotator2,annotator7,24292,0.9216202865140787,0.874086359416649,0.8925296445803049,0.8375470215504991,0.8399298268491721,0.773203019685529,0.6556687469099707
Female_likely/Mouse060_20160526_18-16-27,Mouse060_20160526_18-16-27,Female_likely,v1,annotator2,annotator8,24292,0.8925983863000164,0.8392116055644365,0.8492338464245276,0.7799648131611576,0.7809965485419207,0.7107624014197271,0.5644102360120955
Female_likely/Mouse060_20160526_18-16-27,Mouse060_20160526_18-16-27,Female_likely,v1,annotator3,annotator4,24292,0.9328173884406389,0.9199607775189746,0.9080465680088072,0.8601568275001699,0.8604671825564333,0.8070662749398404,0.6940903148338873
Female_likely/Mouse060_20160526_18-16-27,Mouse060_20160526_18-16-27,Female_likely,v1,annotator3,annotator5,24292,0.9500246994895439,0.9481834543237234,0.7013215192383063,0.8978554105990759,0.8991452795342674,0.8579799100453965,0.7610445799222478
Female_likely/Mouse060_20160526_18-16-27,Mouse060_20160526_18-16-27,Female_likely,v1,annotator3,annotator6,24292,0.9364399802404083,0.9496898687122687,0.6908574743926453,0.8726652972028179,0.8765574691081247,0.8115250475724693,0.7325096807335193
Female_likely/Mouse060_20160526_18-16-27,Mouse060_20160526_18-16-27,Female_likely,v1,annotator3,annotator7,24292,0.9263955211592294,0.8950808486848532,0.8997935100024314,0.8433838871172228,0.8437672249903394,0.7779532912522497,0.6555678814702881
Female_likely/Mouse060_20160526_18-16-27,Mouse060_20160526_18-16-27,Female_likely,v1,annotator3,annotator8,24292,0.8896344475547505,0.8473947595008169,0.8441690730360515,0.768144386818991,0.768220622140163,0.6913921276842114,0.5409751436482737
Female_likely/Mouse060_20160526_18-16-27,Mouse060_20160526_18-16-27,Female_likely,v1,annotator4,annotator5,24292,0.9302239420385312,0.908679041218421,0.6794802635391162,0.8587017357927665,0.8598503421351174,0.8114673456251295,0.6975374812319957
Female_likely/Mouse060_20160526_18-16-27,Mouse060_20160526_18-16-27,Female_likely,v1,annotator4,annotator6,24292,0.9341758603655524,0.9337147284935318,0.6867393185746213,0.8692925386628391,0.8727175607171669,0.809795976763289,0.7178008584007789
Female_likely/Mouse060_20160526_18-16-27,Mouse060_20160526_18-16-27,Female_likely,v1,annotator4,annotator7,24292,0.8977441132883254,0.8417935091332424,0.855444684490418,0.7845344903340886,0.7851988545084112,0.7149336769335998,0.570558569739184
Female_likely/Mouse060_20160526_18-16-27,Mouse060_20160526_18-16-27,Female_likely,v1,annotator4,annotator8,24292,0.8677342334925078,0.8028069960142464,0.8088679962897842,0.7247475579967959,0.7248659725605373,0.6563695709680952,0.49244390445160485
Female_likely/Mouse060_20160526_18-16-27,Mouse060_20160526_18-16-27,Female_likely,v1,annotator5,annotator6,24292,0.9472254240079039,0.7117795661172595,0.5606317880226275,0.8966721496977132,0.8974419195982081,0.8562829250494305,0.7642618402940302
Female_likely/Mouse060_20160526_18-16-27,Mouse060_20160526_18-16-27,Female_likely,v1,annotator5,annotator7,24292,0.9108760085624897,0.6531293684646242,0.6633601459373989,0.8158782816769213,0.8186804139000385,0.7426923428135683,0.6235230326077306
Female_likely/Mouse060_20160526_18-16-27,Mouse060_20160526_18-16-27,Female_likely,v1,annotator5,annotator8,24292,0.8898402766342829,0.6323715669054465,0.6362948514950626,0.7750201200987652,0.7764065205675744,0.7136147211252807,0.5673401516575869
Female_likely/Mouse060_20160526_18-16-27,Mouse060_20160526_18-16-27,Female_likely,v1,annotator6,annotator7,24292,0.9035896591470443,0.6383558762957171,0.6559396503153605,0.8049995851278451,0.81113881775384,0.7248358587068137,0.6219748464433238
Female_likely/Mouse060_20160526_18-16-27,Mouse060_20160526_18-16-27,Female_likely,v1,annotator6,annotator8,24292,0.8909105878478512,0.6256820626451787,0.6375169874039793,0.7816579164042782,0.7855447845162051,0.7138476897285578,0.5828946002184389
Female_likely/Mouse060_20160526_18-16-27,Mouse060_20160526_18-16-27,Female_likely,v1,annotator7,annotator8,24292,0.9043718096492672,0.8707132269173212,0.8627665923053396,0.7965781984209626,0.796819643203208,0.7210047722135342,0.5694833682017866
Female_likely/Mouse060_20160526_18-16-27,Mouse060_20160526_18-16-27,Female_likely,v2,annotator1,annotator2,24292,0.9571463856413635,0.956009421788285,0.9439923009363698,0.9150483056468597,0.9154105755299947,0.8790855022901243,0.7989456261038295
Female_likely/Mouse060_20160526_18-16-27,Mouse060_20160526_18-16-27,Female_likely,v2,annotator1,annotator3,24292,0.9682199901202042,0.9466284048393961,0.9580994728005271,0.9350865519379056,0.9355660664441701,0.904381266955703,0.8297317026323268
Female_likely/Mouse060_20160526_18-16-27,Mouse060_20160526_18-16-27,Female_likely,v2,annotator1,annotator4,24292,0.9594105055162193,0.9309717840007913,0.9465459956907813,0.9161467562069868,0.9179012511169006,0.8756929629462973,0.7984759528181796
Female_likely/Mouse060_20160526_18-16-27,Mouse060_20160526_18-16-27,Female_likely,v2,annotator1,annotator5,24292,0.9718014161040672,0.9595363729683918,0.9618042439590377,0.943084220517241,0.943117803606034,0.9192672538063589,0.8430549387926728
Female_likely/Mouse060_20160526_18-16-27,Mouse060_20160526_18-16-27,Female_likely,v2,annotator1,annotator6,24292,0.9608513090729458,0.9470144109788002,0.9448399283816032,0.9223348571194123,0.923470949653062,0.8956539599576089,0.8166677661538695
Female_likely/Mouse060_20160526_18-16-27,Mouse060_20160526_18-16-27,Female_likely,v2,annotator1,annotator7,24292,0.947760579614688,0.9229744444958795,0.9324009495328243,0.8932058481552593,0.8938199918542165,0.8461258587807617,0.7511124582392423
Female_likely/Mouse060_20160526_18-16-27,Mouse060_20160526_18-16-27,Female_likely,v2,annotator1,annotator8,24292,0.9378807837971349,0.8965853663186999,0.9085736785866122,0.8724433384928822,0.8733593967015787,0.838589677788836,0.7196957126424836
Female_likely/Mouse060_20160526_18-16-27,Mouse060_20160526_18-16-27,Female_likely,v2,annotator2,annotator3,24292,0.9445084801580768,0.9036320883201627,0.9242233437811033,0.8883555954918343,0.8899365194053228,0.845913782488791,0.7537800441387074
Female_likely/Mouse060_20160526_18-16-27,Mouse060_20160526_18-16-27,Female_likely,v2,annotator2,annotator4,24292,0.9461139469784291,0.9032836864226615,0.9282385803670025,0.8904159749162939,0.8937960587799628,0.8389279914161827,0.7560926430684776
Female_likely/Mouse060_20160526_18-16-27,Mouse060_20160526_18-16-27,Female_likely,v2,annotator2,annotator5,24292,0.946360941873868,0.9179298804027991,0.9307486148684226,0.8932898902642329,0.8938570653648582,0.846214289379041,0.7533181679053836
Female_likely/Mouse060_20160526_18-16-27,Mouse060_20160526_18-16-27,Female_likely,v2,annotator2,annotator6,24292,0.9395685822493002,0.9075547148162975,0.9157582234747427,0.8817295074445975,0.882560522867621,0.8437828305157856,0.7450006566006825
Female_likely/Mouse060_20160526_18-16-27,Mouse060_20160526_18-16-27,Female_likely,v2,annotator2,annotator7,24292,0.9357401613699984,0.8913349635642785,0.9101574451907578,0.870608928694933,0.872339010116514,0.8289135052509808,0.7232503704494287
Female_likely/Mouse060_20160526_18-16-27,Mouse060_20160526_18-16-27,Female_likely,v2,annotator2,annotator8,24292,0.9141692738350075,0.8597009417265046,0.8801307483964479,0.8264490170819881,0.8285981274990979,0.7737152073023776,0.6583709400975377
Female_likely/Mouse060_20160526_18-16-27,Mouse060_20160526_18-16-27,Female_likely,v2,annotator3,annotator4,24292,0.9540589494483781,0.9345355994249531,0.9390040427877012,0.9034094357035014,0.903886741082397,0.8591131122614841,0.764440620678702
Female_likely/Mouse060_20160526_18-16-27,Mouse060_20160526_18-16-27,Female_likely,v2,annotator3,annotator5,24292,0.9637740820023053,0.9622799781359861,0.9524296247980025,0.9257081936943408,0.9259754652367927,0.8908462674128622,0.8075053296549722
Female_likely/Mouse060_20160526_18-16-27,Mouse060_20160526_18-16-27,Female_likely,v2,annotator3,annotator6,24292,0.9504363576486086,0.9507649822002353,0.936957618847497,0.9002314604269583,0.9028037179404457,0.8534182648213158,0.776332860792253
Female_likely/Mouse060_20160526_18-16-27,Mouse060_20160526_18-16-27,Female_likely,v2,annotator3,annotator7,24292,0.944796640869422,0.9304847533151882,0.928781396742683,0.8852333016804763,0.8852807578180169,0.8320906016369887,0.729660653267643
Female_likely/Mouse060_20160526_18-16-27,Mouse060_20160526_18-16-27,Female_likely,v2,annotator3,annotator8,24292,0.9366869751358472,0.9089708783403064,0.9106991919510604,0.8677493532970258,0.8678577308007428,0.8207538188244434,0.6976392849188482
Female_likely/Mouse060_20160526_18-16-27,Mouse060_20160526_18-16-27,Female_likely,v2,annotator4,annotator5,24292,0.9523711509962127,0.9534179175261319,0.9379194193792345,0.901183155629265,0.9024702598099605,0.8533944787574316,0.7631415617989257
Female_likely/Mouse060_20160526_18-16-27,Mouse060_20160526_18-16-27,Female_likely,v2,annotator4,annotator6,24292,0.9374279598221636,0.9390806290314814,0.9185007437525612,0.8728091194947517,0.8779039602875279,0.818944326652561,0.7429599069754775
Female_likely/Mouse060_20160526_18-16-27,Mouse060_20160526_18-16-27,Female_likely,v2,annotator4,annotator7,24292,0.9485015643010044,0.9366189294652587,0.9299972615704664,0.891590419018179,0.8918652976889041,0.8454336816801932,0.7384075179329738
Female_likely/Mouse060_20160526_18-16-27,Mouse060_20160526_18-16-27,Female_likely,v2,annotator4,annotator8,24292,0.9303474394862506,0.9039287014818228,0.9010278592249904,0.8526435579773094,0.8527628880281376,0.8003664527222666,0.6729948583642917
Female_likely/Mouse060_20160526_18-16-27,Mouse060_20160526_18-16-27,Female_likely,v2,annotator5,annotator6,24292,0.9590811789889676,0.9487734351209213,0.9441874354119711,0.9185479468375,0.9200469989731265,0.8869046907871507,0.8097483663213612
Female_likely/Mouse060_20160526_18-16-27,Mouse060_20160526_18-16-27,Female_likely,v2,annotator5,annotator7,24292,0.940680059278775,0.9160027006403615,0.9233096945845142,0.8782374339656833,0.8785977319173511,0.8258899115458188,0.7246518330384515
Female_likely/Mouse060_20160526_18-16-27,Mouse060_20160526_18-16-27,Female_likely,v2,annotator5,annotator8,24292,0.9353696690268402,0.8974787404649494,0.9076451401251346,0.8667371788837828,0.8673439141677008,0.8259276437256994,0.7056674501599255
Female_likely/Mouse060_20160526_18-16-27,Mouse060_20160526_18-16-27,Female_likely,v2,annotator6,annotator7,24292,0.9305944343816894,0.9057763631855523,0.9111664331517391,0.8602382679142039,0.8632541244949178,0.8020170419438812,0.7122247051077845
Female_likely/Mouse060_20160526_18-16-27,Mouse060_20160526_18-16-27,Female_likely,v2,annotator6,annotator8,24292,0.9285361435863659,0.8917489504019341,0.9004318485437534,0.8554962000177451,0.8590619056423953,0.8085990258879896,0.7047496724711327
Female_likely/Mouse060_20160526_18-16-27,Mouse060_20160526_18-16-27,Female_likely,v2,annotator7,annotator8,24292,0.9403095669356166,0.9078719366354587,0.9111117148138006,0.8751783113192623,0.8752145490224439,0.8394045966548226,0.7116643618872295
Female_likely/Mouse061_20160526_18-38-49,Mouse061_20160526_18-38-49,Female_likely,v1,annotator1,annotator2,18646,0.9666416389574172,0.9686585975662424,0.9654196897693327,0.9493972984421105,0.9498769344759901,0.904787827044569,0.8636015322189403
Female_likely/Mouse061_20160526_18-38-49,Mouse061_20160526_18-38-49,Female_likely,v1,annotator1,annotator3,18646,0.9576852944331223,0.9560139875733936,0.956440221811686,0.9355612086771633,0.935668191716238,0.8789760335330905,0.8319384891176251
Female_likely/Mouse061_20160526_18-38-49,Mouse061_20160526_18-38-49,Female_likely,v1,annotator1,annotator4,18646,0.9553791697951303,0.9551677857026015,0.9531682268809986,0.9322339098414214,0.9326988956858813,0.8750998341628827,0.824047596460837
Female_likely/Mouse061_20160526_18-38-49,Mouse061_20160526_18-38-49,Female_likely,v1,annotator1,annotator5,18646,0.9641209910972863,0.9611540224807701,0.7218710524600513,0.9453175670218029,0.9454181568653846,0.898211729092458,0.8480749227769204
Female_likely/Mouse061_20160526_18-38-49,Mouse061_20160526_18-38-49,Female_likely,v1,annotator1,annotator6,18646,0.9522685830741178,0.957191046330575,0.9508686599665831,0.9278350765621075,0.929402474965191,0.8654911839834784,0.8265913721632028
Female_likely/Mouse061_20160526_18-38-49,Mouse061_20160526_18-38-49,Female_likely,v1,annotator1,annotator7,18646,0.9370910651077979,0.931926189100718,0.9336013955380613,0.9040474161923303,0.9041831877779894,0.8287604593593733,0.7741651288902508
Female_likely/Mouse061_20160526_18-38-49,Mouse061_20160526_18-38-49,Female_likely,v1,annotator1,annotator8,18646,0.9066823983696235,0.8980094876848281,0.9008745302073713,0.8573872429169099,0.8578636772821544,0.7553091451565973,0.6992927895342226
Female_likely/Mouse061_20160526_18-38-49,Mouse061_20160526_18-38-49,Female_likely,v1,annotator2,annotator3,18646,0.9511959669634238,0.9475494541055834,0.9500221635416158,0.9259568104798613,0.92682385287502,0.8603894220245825,0.8121265823596755
Female_likely/Mouse061_20160526_18-38-49,Mouse061_20160526_18-38-49,Female_likely,v1,annotator2,annotator4,18646,0.970771210983589,0.9681792310369408,0.9691736539036864,0.9557222656107915,0.9558255618749029,0.917836667225775,0.8716367400632539
Female_likely/Mouse061_20160526_18-38-49,Mouse061_20160526_18-38-49,Female_likely,v1,annotator2,annotator5,18646,0.9561300010726161,0.9503385968862522,0.7151842967250821,0.9333790168416544,0.9341107654757059,0.8798820301117555,0.840806699504222
Female_likely/Mouse061_20160526_18-38-49,Mouse061_20160526_18-38-49,Female_likely,v1,annotator2,annotator6,18646,0.9679824090957846,0.969288414849793,0.9668573773075239,0.9516709180357471,0.9520328321649083,0.9092673129880277,0.8677122531670731
Female_likely/Mouse061_20160526_18-38-49,Mouse061_20160526_18-38-49,Female_likely,v1,annotator2,annotator7,18646,0.950981443741285,0.9447152431542465,0.9483634320012767,0.925521659178974,0.9265243239384857,0.8655865553647389,0.8283045790386278
Female_likely/Mouse061_20160526_18-38-49,Mouse061_20160526_18-38-49,Female_likely,v1,annotator2,annotator8,18646,0.9094712002574279,0.8997134222636894,0.9037890399847583,0.8622473047156627,0.8639422814132048,0.765689390390938,0.7220118596412638
Female_likely/Mouse061_20160526_18-38-49,Mouse061_20160526_18-38-49,Female_likely,v1,annotator3,annotator4,18646,0.9500697200471951,0.9512427222407016,0.9484470888688842,0.9241694162277783,0.925145566683261,0.857835017278898,0.8080474383839059
Female_likely/Mouse061_20160526_18-38-49,Mouse061_20160526_18-38-49,Female_likely,v1,annotator3,annotator5,18646,0.9427222996889413,0.9403704628755367,0.7056221375333813,0.9126732326453615,0.9129660607267203,0.8387203853725773,0.7850043074045595
Female_likely/Mouse061_20160526_18-38-49,Mouse061_20160526_18-38-49,Female_likely,v1,annotator3,annotator6,18646,0.9464228252708355,0.9528654207993347,0.9456315087638195,0.9189958356771019,0.9210610155967095,0.846643406908862,0.8098800137428159
Female_likely/Mouse061_20160526_18-38-49,Mouse061_20160526_18-38-49,Female_likely,v1,annotator3,annotator7,18646,0.9378955271908184,0.9342594273693443,0.9352775381901367,0.9052303267125917,0.9054608560537539,0.8275697583406887,0.7730025563212134
Female_likely/Mouse061_20160526_18-38-49,Mouse061_20160526_18-38-49,Female_likely,v1,annotator3,annotator8,18646,0.9054488898423254,0.8986570130175732,0.9008535308492798,0.8554238831144757,0.8559236900685091,0.7474929226823792,0.6893627909787893
Female_likely/Mouse061_20160526_18-38-49,Mouse061_20160526_18-38-49,Female_likely,v1,annotator4,annotator5,18646,0.9487825807143623,0.9425054509145925,0.7087125902309754,0.9221140452560684,0.9226350278577699,0.8626754401181654,0.8197525299887246
Female_likely/Mouse061_20160526_18-38-49,Mouse061_20160526_18-38-49,Female_likely,v1,annotator4,annotator6,18646,0.9637992062640781,0.9659715748359887,0.9620973451092687,0.9453127285235386,0.9460092118343323,0.8985586128032337,0.857026799068071
Female_likely/Mouse061_20160526_18-38-49,Mouse061_20160526_18-38-49,Female_likely,v1,annotator4,annotator7,18646,0.9413815295505739,0.9348106890657708,0.9377039484570688,0.9108136675159554,0.9116086382949964,0.8410680570156079,0.7937117124915926
Female_likely/Mouse061_20160526_18-38-49,Mouse061_20160526_18-38-49,Female_likely,v1,annotator4,annotator8,18646,0.9044835353427009,0.893928952100408,0.897745601332108,0.8544376083920316,0.8558125267287745,0.754359246666827,0.7069012458887944
Female_likely/Mouse061_20160526_18-38-49,Mouse061_20160526_18-38-49,Female_likely,v1,annotator5,annotator6,18646,0.950445135685938,0.7171871216620771,0.7110391910851012,0.9250177572988716,0.927103477540907,0.8655548408332694,0.8412178010062433
Female_likely/Mouse061_20160526_18-38-49,Mouse061_20160526_18-38-49,Female_likely,v1,annotator5,annotator7,18646,0.9345704172476671,0.6970541987801361,0.6975395734972529,0.9000544218991399,0.9000866180557991,0.8260032455810855,0.78212289253296
Female_likely/Mouse061_20160526_18-38-49,Mouse061_20160526_18-38-49,Female_likely,v1,annotator5,annotator8,18646,0.9092030462297543,0.6745462049811883,0.6761876365795354,0.8610097290043364,0.861244405975923,0.7682252778031223,0.7191776307025843
Female_likely/Mouse061_20160526_18-38-49,Mouse061_20160526_18-38-49,Female_likely,v1,annotator6,annotator7,18646,0.9414887911616433,0.9351807353376613,0.9390838796654187,0.9114350530495159,0.9139220682040438,0.8404879378087864,0.8115464143318863
Female_likely/Mouse061_20160526_18-38-49,Mouse061_20160526_18-38-49,Female_likely,v1,annotator6,annotator8,18646,0.9110264936179342,0.9026038582904801,0.9065153389830551,0.8651866804324481,0.8687013004276536,0.7692443836600591,0.7372022170426338
Female_likely/Mouse061_20160526_18-38-49,Mouse061_20160526_18-38-49,Female_likely,v1,annotator7,annotator8,18646,0.9270084736672745,0.9201939546929084,0.9220565140399183,0.8881587439258399,0.888277051291953,0.804464059142174,0.7517588082981577
Female_likely/Mouse062_20160526_18-56-26,Mouse062_20160526_18-56-26,Female_likely,v1,annotator1,annotator2,19638,0.977441694673592,0.7347937785061097,0.7347012411382055,0.9657649359072175,0.9658354847042137,0.9298529178021623,0.9028057751876959
Female_likely/Mouse062_20160526_18-56-26,Mouse062_20160526_18-56-26,Female_likely,v1,annotator1,annotator3,19638,0.9577350035645178,0.7216291213814849,0.7212167489666914,0.9359188246139706,0.9369960638599335,0.8705314808578848,0.8512071737268859
Female_likely/Mouse062_20160526_18-56-26,Mouse062_20160526_18-56-26,Female_likely,v1,annotator1,annotator4,19638,0.9665953763112334,0.7281079113760287,0.7271761704375376,0.9493677409386572,0.949659122951641,0.897208747296037,0.8695939805811965
Female_likely/Mouse062_20160526_18-56-26,Mouse062_20160526_18-56-26,Female_likely,v1,annotator1,annotator5,19638,0.9661880028516142,0.7275813634896895,0.5816633372511119,0.9487414132663214,0.9492301390079451,0.8961644560714328,0.8719133636959584
Female_likely/Mouse062_20160526_18-56-26,Mouse062_20160526_18-56-26,Female_likely,v1,annotator1,annotator6,19638,0.9599755575924228,0.7225248139090241,0.7225297785272737,0.9392327529711626,0.9399918346082913,0.8778161089637961,0.8534459445954072
Female_likely/Mouse062_20160526_18-56-26,Mouse062_20160526_18-56-26,Female_likely,v1,annotator1,annotator7,19638,0.9356349933801813,0.7058155971356969,0.7060015821911969,0.9023334156243858,0.9027352308986034,0.8080648825010796,0.7858755143423181
Female_likely/Mouse062_20160526_18-56-26,Mouse062_20160526_18-56-26,Female_likely,v1,annotator1,annotator8,19638,0.9112435074854873,0.6902639079060169,0.6894112392938625,0.8654929625173675,0.866396456231973,0.7444238363794066,0.735990304763706
Female_likely/Mouse062_20160526_18-56-26,Mouse062_20160526_18-56-26,Female_likely,v1,annotator2,annotator3,19638,0.9558509013137794,0.9604802104027454,0.9595140301400443,0.9330561703259121,0.9347328540624633,0.8642075173686042,0.8498541444287233
Female_likely/Mouse062_20160526_18-56-26,Mouse062_20160526_18-56-26,Female_likely,v1,annotator2,annotator4,19638,0.9658824727568999,0.9700936218763759,0.9686141495815151,0.9482681656696832,0.948907870997891,0.8939600652749613,0.8708404271945859
Female_likely/Mouse062_20160526_18-56-26,Mouse062_20160526_18-56-26,Female_likely,v1,annotator2,annotator5,19638,0.9646094306955901,0.9685407521387658,0.7256578569099583,0.9463334266558935,0.9472542059245351,0.890603306387145,0.8699336042247617
Female_likely/Mouse062_20160526_18-56-26,Mouse062_20160526_18-56-26,Female_likely,v1,annotator2,annotator6,19638,0.9667990630410429,0.968742135382486,0.9691906006437571,0.9495347862407543,0.9499121441294084,0.8969776260828906,0.8685563642094608
Female_likely/Mouse062_20160526_18-56-26,Mouse062_20160526_18-56-26,Female_likely,v1,annotator2,annotator7,19638,0.935584071697729,0.9409824335207074,0.9409677324910156,0.9022249919159322,0.9030026167612417,0.8071536139879915,0.7887148009845871
Female_likely/Mouse062_20160526_18-56-26,Mouse062_20160526_18-56-26,Female_likely,v1,annotator2,annotator8,19638,0.9110907424381302,0.9203100490949173,0.9187592781083436,0.8652461177594457,0.8666875804680206,0.7432435996729622,0.7375560620345973
Female_likely/Mouse062_20160526_18-56-26,Mouse062_20160526_18-56-26,Female_likely,v1,annotator3,annotator4,19638,0.9638456054588044,0.9678905789712197,0.9663575027932726,0.945152622281751,0.9454383066009814,0.888355942501598,0.8573185482070752
Female_likely/Mouse062_20160526_18-56-26,Mouse062_20160526_18-56-26,Female_likely,v1,annotator3,annotator5,19638,0.9605356960993991,0.9645936504450633,0.7229625179418004,0.9400982013307583,0.9402196035165683,0.8781570205823014,0.8503809668795809
Female_likely/Mouse062_20160526_18-56-26,Mouse062_20160526_18-56-26,Female_likely,v1,annotator3,annotator6,19638,0.9425603421937061,0.9498273740852151,0.9471059106861438,0.9129849095231436,0.916532821958084,0.8268808401318909,0.8242930612683445
Female_likely/Mouse062_20160526_18-56-26,Mouse062_20160526_18-56-26,Female_likely,v1,annotator3,annotator7,19638,0.9302882167226805,0.936283007822113,0.9364701291721329,0.894102150367749,0.8942681321171386,0.7921610866194199,0.7739288873304699
Female_likely/Mouse062_20160526_18-56-26,Mouse062_20160526_18-56-26,Female_likely,v1,annotator3,annotator8,19638,0.9055912007332723,0.914662552904702,0.9138469174892494,0.8566570697497746,0.8566693582934365,0.7288521083942989,0.7228711090990995
Female_likely/Mouse062_20160526_18-56-26,Mouse062_20160526_18-56-26,Female_likely,v1,annotator4,annotator5,19638,0.9646603523780426,0.9668253552843326,0.7256418175041816,0.9464152036509137,0.9464520452825761,0.8909546630719098,0.8623139413627525
Female_likely/Mouse062_20160526_18-56-26,Mouse062_20160526_18-56-26,Female_likely,v1,annotator4,annotator6,19638,0.9534575822385172,0.9570431271726534,0.9571281214310737,0.9294472523153633,0.9313902551648877,0.8578523326677204,0.8447388049722053
Female_likely/Mouse062_20160526_18-56-26,Mouse062_20160526_18-56-26,Female_likely,v1,annotator4,annotator7,19638,0.9324269273856808,0.9360666437859368,0.937594351639735,0.8974565022812833,0.8975223906040628,0.7988144083358163,0.7719656343907031
Female_likely/Mouse062_20160526_18-56-26,Mouse062_20160526_18-56-26,Female_likely,v1,annotator4,annotator8,19638,0.9032997250229148,0.910978503801409,0.9114313186747368,0.8533766419567386,0.8535719041544071,0.7240742568722581,0.7165741963753723
Female_likely/Mouse062_20160526_18-56-26,Mouse062_20160526_18-56-26,Female_likely,v1,annotator5,annotator6,19638,0.9471432936144211,0.7145865799064735,0.7137694969083186,0.9198867218724023,0.9222896792608581,0.8401832244351896,0.8341926387033196
Female_likely/Mouse062_20160526_18-56-26,Mouse062_20160526_18-56-26,Female_likely,v1,annotator5,annotator7,19638,0.931663102148895,0.7025719375463855,0.7031955965774206,0.8962532196239705,0.8962789030462349,0.7964731225220787,0.7737249383999555
Female_likely/Mouse062_20160526_18-56-26,Mouse062_20160526_18-56-26,Female_likely,v1,annotator5,annotator8,19638,0.9037070984825338,0.684500772121122,0.6842829726748616,0.8539189661226703,0.8539990380782376,0.7250844056897671,0.7232505098903694
Female_likely/Mouse062_20160526_18-56-26,Mouse062_20160526_18-56-26,Female_likely,v1,annotator6,annotator7,19638,0.9413891434973012,0.9477498418611393,0.9457973478401324,0.9110729582138382,0.9132818993113029,0.8238404482578314,0.8093599758367318
Female_likely/Mouse062_20160526_18-56-26,Mouse062_20160526_18-56-26,Female_likely,v1,annotator6,annotator8,19638,0.9192891333129647,0.929710145814885,0.9260639240821931,0.8777776748118558,0.8810122381564133,0.7645942419695076,0.7625613434179176
Female_likely/Mouse062_20160526_18-56-26,Mouse062_20160526_18-56-26,Female_likely,v1,annotator7,annotator8,19638,0.9373154089011101,0.9435592526883599,0.9423742579984972,0.9048312723501684,0.9049914714864274,0.8118703568293791,0.7855550090197392
Female_likely/Mouse063_20160526_19-14-46,Mouse063_20160526_19-14-46,Female_likely,v1,annotator1,annotator2,19307,0.9483089035065002,0.9302245090040859,0.9289064610030263,0.8896290149677425,0.8897046420392445,0.8471498613444741,0.7395867893047301
Female_likely/Mouse063_20160526_19-14-46,Mouse063_20160526_19-14-46,Female_likely,v1,annotator1,annotator3,19307,0.9295592272232869,0.8794502992359265,0.90528171137435,0.8428152806693479,0.8452097074623406,0.7777024530037863,0.6723884962360226
Female_likely/Mouse063_20160526_19-14-46,Mouse063_20160526_19-14-46,Female_likely,v1,annotator1,annotator4,19307,0.9343761330087533,0.9076167801803093,0.9087131488565482,0.8580060391219109,0.8582543432765082,0.8066536671509809,0.6846545204928073
Female_likely/Mouse063_20160526_19-14-46,Mouse063_20160526_19-14-46,Female_likely,v1,annotator1,annotator5,19307,0.953436577407158,0.9215307766066622,0.9352198405798738,0.8978722816611235,0.8987149115039875,0.8595503919314835,0.76892455798273
Female_likely/Mouse063_20160526_19-14-46,Mouse063_20160526_19-14-46,Female_likely,v1,annotator1,annotator6,19307,0.94375097115036,0.9297273836331391,0.9260525215687352,0.8810312798724661,0.8816658278884777,0.8301657940596611,0.7265526963500998
Female_likely/Mouse063_20160526_19-14-46,Mouse063_20160526_19-14-46,Female_likely,v1,annotator1,annotator7,19307,0.9020562490288496,0.8119548478581052,0.8491864902160366,0.7776743553585879,0.7820743661601883,0.7253254974368797,0.5920836699002195
Female_likely/Mouse063_20160526_19-14-46,Mouse063_20160526_19-14-46,Female_likely,v1,annotator1,annotator8,19307,0.8975501113585747,0.8206392421225811,0.8422307767258435,0.7692028695944239,0.7732379762680897,0.719247271038572,0.5773316133890379
Female_likely/Mouse063_20160526_19-14-46,Mouse063_20160526_19-14-46,Female_likely,v1,annotator2,annotator3,19307,0.9465996788729476,0.8985823370329366,0.926133116160977,0.88153010398399,0.8848504799463386,0.8314099868174425,0.7425913028484626
Female_likely/Mouse063_20160526_19-14-46,Mouse063_20160526_19-14-46,Female_likely,v1,annotator2,annotator4,19307,0.9633811570932822,0.9432272246474876,0.9457718628961599,0.9211832332429428,0.9218162110797344,0.8947398717081599,0.8024962561476033
Female_likely/Mouse063_20160526_19-14-46,Mouse063_20160526_19-14-46,Female_likely,v1,annotator2,annotator5,19307,0.9504842803128399,0.9129201696220282,0.9272634482289316,0.8919907497110374,0.8933614453254501,0.8590469865251793,0.7602572053549028
Female_likely/Mouse063_20160526_19-14-46,Mouse063_20160526_19-14-46,Female_likely,v1,annotator2,annotator6,19307,0.9614129590304035,0.9430163194740193,0.9405775340026383,0.918751423918829,0.9190365386732198,0.8964334610880063,0.7969791187540346
Female_likely/Mouse063_20160526_19-14-46,Mouse063_20160526_19-14-46,Female_likely,v1,annotator2,annotator7,19307,0.9098772465944994,0.8190823572017806,0.8573930442955655,0.7966553094921506,0.8020727559520264,0.7530791909015341,0.6266579552311108
Female_likely/Mouse063_20160526_19-14-46,Mouse063_20160526_19-14-46,Female_likely,v1,annotator2,annotator8,19307,0.8934065364893562,0.812724775667195,0.8340603168699049,0.7613588134784437,0.7663803155677478,0.7125882275728478,0.565855058454775
Female_likely/Mouse063_20160526_19-14-46,Mouse063_20160526_19-14-46,Female_likely,v1,annotator3,annotator4,19307,0.9509504324856269,0.9535123714575198,0.9243745945310952,0.8894729393899643,0.8909509858846696,0.8507654015856158,0.7425239465829484
Female_likely/Mouse063_20160526_19-14-46,Mouse063_20160526_19-14-46,Female_likely,v1,annotator3,annotator5,19307,0.9411612368570985,0.9324941169649591,0.9171606491382619,0.8653648998071,0.8658275881447417,0.8130467905369703,0.6999133723931279
Female_likely/Mouse063_20160526_19-14-46,Mouse063_20160526_19-14-46,Female_likely,v1,annotator3,annotator6,19307,0.9396591909670068,0.9523332738750133,0.9167947058206654,0.8676075996698951,0.8728159048195158,0.8132430337364324,0.726956373639536
Female_likely/Mouse063_20160526_19-14-46,Mouse063_20160526_19-14-46,Female_likely,v1,annotator3,annotator7,19307,0.9101362200238255,0.8415140334747674,0.8589701058663667,0.7861959198730816,0.7866533035078891,0.7357765448169012,0.5827883514846174
Female_likely/Mouse063_20160526_19-14-46,Mouse063_20160526_19-14-46,Female_likely,v1,annotator3,annotator8,19307,0.8944942248925261,0.8331859286875977,0.8324037277842672,0.7509692216268593,0.7513760157138397,0.6942369979885767,0.5291556216630716
Female_likely/Mouse063_20160526_19-14-46,Mouse063_20160526_19-14-46,Female_likely,v1,annotator4,annotator5,19307,0.9389858600507588,0.8951436784817487,0.9065600575014813,0.8649377374894613,0.8652142418968504,0.8304652443731342,0.7079515654262193
Female_likely/Mouse063_20160526_19-14-46,Mouse063_20160526_19-14-46,Female_likely,v1,annotator4,annotator6,19307,0.9551458020407106,0.9385655121523788,0.9310490102097778,0.9044267188333415,0.906163672949593,0.8789004605812099,0.7822232965191277
Female_likely/Mouse063_20160526_19-14-46,Mouse063_20160526_19-14-46,Female_likely,v1,annotator4,annotator7,19307,0.9062516185839333,0.807002290130269,0.840800691853838,0.7850343388526131,0.7882839174346852,0.7537638813290228,0.5983245630601268
Female_likely/Mouse063_20160526_19-14-46,Mouse063_20160526_19-14-46,Female_likely,v1,annotator4,annotator8,19307,0.8909721862536903,0.8052248001712138,0.8260152124488327,0.7517758723951764,0.7542392185503629,0.7054777145218469,0.5437332186800746
Female_likely/Mouse063_20160526_19-14-46,Mouse063_20160526_19-14-46,Female_likely,v1,annotator5,annotator6,19307,0.9436991764644947,0.9412765969732985,0.9221719114994404,0.8784687646525215,0.8812359790128985,0.8336070557570933,0.7423653374431551
Female_likely/Mouse063_20160526_19-14-46,Mouse063_20160526_19-14-46,Female_likely,v1,annotator5,annotator7,19307,0.9191484953643756,0.842662739274291,0.8712471831625083,0.8115814174863644,0.8133326183526336,0.7671696962342873,0.6264604852517894
Female_likely/Mouse063_20160526_19-14-46,Mouse063_20160526_19-14-46,Female_likely,v1,annotator5,annotator8,19307,0.9104987828248822,0.848642665078287,0.8607592101652811,0.7930039322587799,0.7944050576380538,0.7462683550132653,0.5974050140471501
Female_likely/Mouse063_20160526_19-14-46,Mouse063_20160526_19-14-46,Female_likely,v1,annotator6,annotator7,19307,0.9068213601284508,0.8195369219066765,0.8591363131104289,0.7921601417940212,0.7996437762725873,0.7360294225711485,0.6194634156284468
Female_likely/Mouse063_20160526_19-14-46,Mouse063_20160526_19-14-46,Female_likely,v1,annotator6,annotator8,19307,0.8936655099186823,0.8232740819546894,0.8444510743911375,0.7647498706762252,0.7721253867862369,0.7021248649393098,0.5788573059954897
Female_likely/Mouse063_20160526_19-14-46,Mouse063_20160526_19-14-46,Female_likely,v1,annotator7,annotator8,19307,0.9188377272491842,0.8788576981347922,0.8581052058740645,0.804620003726122,0.8052332988990305,0.767570766234083,0.5998963503674563
Female_likely/Mouse163_20161018_18-22-45,Mouse163_20161018_18-22-45,Female_likely,v1,annotator1,annotator2,6641,0.9203433217888872,0.9307054851011288,0.9143163083685807,0.868443223585881,0.8691597456947314,0.7629961109381328,0.6885693195164855
Female_likely/Mouse163_20161018_18-22-45,Mouse163_20161018_18-22-45,Female_likely,v1,annotator1,annotator3,6641,0.9001656377051649,0.8977854564596033,0.9025139065050659,0.8326722156518778,0.8398378345518285,0.6942090710032437,0.6611433163717303
Female_likely/Mouse163_20161018_18-22-45,Mouse163_20161018_18-22-45,Female_likely,v1,annotator1,annotator4,6641,0.9010691160969734,0.9142668156796585,0.896882946517481,0.8366385989415951,0.8381162811401146,0.7073165454383634,0.6391226880928046
Female_likely/Mouse163_20161018_18-22-45,Mouse163_20161018_18-22-45,Female_likely,v1,annotator1,annotator5,6641,0.9022737539527179,0.8842462667079314,0.6708389866050427,0.8364395895059707,0.8367285184783961,0.7168725154814766,0.6405734739909832
Female_likely/Mouse163_20161018_18-22-45,Mouse163_20161018_18-22-45,Female_likely,v1,annotator1,annotator6,6641,0.9126637554585153,0.9211609556325872,0.9052278210672507,0.8559259701463954,0.8569422813253957,0.7427178495479748,0.6708978312951428
Female_likely/Mouse163_20161018_18-22-45,Mouse163_20161018_18-22-45,Female_likely,v1,annotator1,annotator7,6641,0.8540882397229332,0.7582716956909605,0.7921073144429144,0.7477487171309644,0.7536092685651464,0.6212781010260607,0.5598280597878736
Female_likely/Mouse163_20161018_18-22-45,Mouse163_20161018_18-22-45,Female_likely,v1,annotator1,annotator8,6641,0.8409878030417106,0.8050499955311428,0.8082372295828103,0.7333185077570745,0.7406758382521571,0.5758569057397924,0.49759851254749704
Female_likely/Mouse163_20161018_18-22-45,Mouse163_20161018_18-22-45,Female_likely,v1,annotator2,annotator3,6641,0.9069417256437283,0.8830610566358418,0.9012311564924912,0.8450139327940474,0.8503533417136248,0.7229235389270593,0.6737662837476338
Female_likely/Mouse163_20161018_18-22-45,Mouse163_20161018_18-22-45,Female_likely,v1,annotator2,annotator4,6641,0.9338954976660142,0.9276356310082269,0.927151380181872,0.891617373881451,0.8918620300288093,0.8064244233683213,0.7268153390536084
Female_likely/Mouse163_20161018_18-22-45,Mouse163_20161018_18-22-45,Female_likely,v1,annotator2,annotator5,6641,0.9210962204487276,0.8855142490553654,0.6793852379188094,0.8691784539054466,0.8701783816610318,0.7854512674159804,0.7121913122943546
Female_likely/Mouse163_20161018_18-22-45,Mouse163_20161018_18-22-45,Female_likely,v1,annotator2,annotator6,6641,0.9343472368619183,0.9283782182497785,0.9276290805591958,0.8927126357402054,0.8945127082066088,0.8076914797347317,0.7537991050076015
Female_likely/Mouse163_20161018_18-22-45,Mouse163_20161018_18-22-45,Female_likely,v1,annotator2,annotator7,6641,0.8324047583195302,0.7342440593504573,0.7631545593425404,0.7136267739832438,0.7214361344987029,0.5795494421799426,0.507384061623627
Female_likely/Mouse163_20161018_18-22-45,Mouse163_20161018_18-22-45,Female_likely,v1,annotator2,annotator8,6641,0.8433970787531998,0.792929817993277,0.8056483989445594,0.7389595527603963,0.744516854973107,0.5947638807703,0.49939141367454326
Female_likely/Mouse163_20161018_18-22-45,Mouse163_20161018_18-22-45,Female_likely,v1,annotator3,annotator4,6641,0.9012196958289415,0.9223114593238235,0.8948692804614907,0.8350133595181303,0.8385383995396176,0.7076406190137009,0.6443144444673323
Female_likely/Mouse163_20161018_18-22-45,Mouse163_20161018_18-22-45,Female_likely,v1,annotator3,annotator5,6641,0.8991115795813883,0.8868195605409444,0.6647889342642281,0.8297785196832753,0.8348916651619513,0.7111547917128123,0.6426458621251186
Female_likely/Mouse163_20161018_18-22-45,Mouse163_20161018_18-22-45,Female_likely,v1,annotator3,annotator6,6641,0.8765246197861768,0.9085498015018992,0.8771125067883281,0.7962770721902502,0.8082305153613112,0.637506972297918,0.6336313112586361
Female_likely/Mouse163_20161018_18-22-45,Mouse163_20161018_18-22-45,Female_likely,v1,annotator3,annotator7,6641,0.8462580936605932,0.7525219313908544,0.7814791467504151,0.7307632608642047,0.7372118332969115,0.5969801965210565,0.5075496924647672
Female_likely/Mouse163_20161018_18-22-45,Mouse163_20161018_18-22-45,Female_likely,v1,annotator3,annotator8,6641,0.8486673693720825,0.800268335643692,0.8013176178443171,0.7400853229202422,0.740125811725307,0.6055144410598452,0.47347260743921665
Female_likely/Mouse163_20161018_18-22-45,Mouse163_20161018_18-22-45,Female_likely,v1,annotator4,annotator5,6641,0.9107062189429302,0.8739732524459676,0.6702687203513089,0.8519120193112015,0.8533195412467669,0.758313984936578,0.6805363535735618
Female_likely/Mouse163_20161018_18-22-45,Mouse163_20161018_18-22-45,Female_likely,v1,annotator4,annotator6,6641,0.9192892636651107,0.9157864546017404,0.914413409306649,0.8682350244593809,0.8715127803472504,0.7609866046696129,0.7045287712060904
Female_likely/Mouse163_20161018_18-22-45,Mouse163_20161018_18-22-45,Female_likely,v1,annotator4,annotator7,6641,0.8150880891432013,0.7202071553441817,0.7491975979888124,0.6837907937370078,0.6912670310981825,0.5336108494719444,0.46426725976645383
Female_likely/Mouse163_20161018_18-22-45,Mouse163_20161018_18-22-45,Female_likely,v1,annotator4,annotator8,6641,0.8287908447522964,0.7818613934732438,0.7960605232116924,0.7137283166976299,0.7174275790774084,0.5535299078892024,0.4546859129036492
Female_likely/Mouse163_20161018_18-22-45,Mouse163_20161018_18-22-45,Female_likely,v1,annotator5,annotator6,6641,0.904381870200271,0.6881143214257701,0.6670183092565528,0.8418504076284099,0.8441998220782068,0.737867124673116,0.6899483790167293
Female_likely/Mouse163_20161018_18-22-45,Mouse163_20161018_18-22-45,Female_likely,v1,annotator5,annotator7,6641,0.8364704110826683,0.5630850537549343,0.5889548523587982,0.715384647258938,0.7191887450326109,0.5593147074156384,0.48087674252585894
Female_likely/Mouse163_20161018_18-22-45,Mouse163_20161018_18-22-45,Female_likely,v1,annotator5,annotator8,6641,0.8465592531245294,0.6199660450280067,0.6161578936861607,0.7408881241029968,0.7463380653371969,0.5857106763233176,0.5012913621401462
Female_likely/Mouse163_20161018_18-22-45,Mouse163_20161018_18-22-45,Female_likely,v1,annotator6,annotator7,6641,0.820207800030116,0.7284492781359114,0.7560710701090531,0.6941049491447588,0.7041713859642186,0.5448946933899105,0.50343006463375
Female_likely/Mouse163_20161018_18-22-45,Mouse163_20161018_18-22-45,Female_likely,v1,annotator6,annotator8,6641,0.8268333082367113,0.7899137512915998,0.7986086995579771,0.7142312653966716,0.7262859974714964,0.542358809070687,0.49232195337510704
Female_likely/Mouse163_20161018_18-22-45,Mouse163_20161018_18-22-45,Female_likely,v1,annotator7,annotator8,6641,0.8557446167745821,0.8617491571644917,0.7800502440092364,0.7470456953446483,0.7541945166814761,0.6181769402864671,0.5110116257400872
Male_likely/Mouse069_20160709_16-02-03,Mouse069_20160709_16-02-03,Male_likely,v1,annotator1,annotator2,18497,0.9451262366870303,0.910412616913,0.859164688063508,0.8661819220591525,0.8665406497855693,0.8456818273648313,0.7041831340030131
Male_likely/Mouse069_20160709_16-02-03,Mouse069_20160709_16-02-03,Male_likely,v1,annotator1,annotator3,18497,0.9257176839487484,0.841047125249517,0.8425323620305047,0.807092795148871,0.8147614614537596,0.7641476513428342,0.6417722047716216
Male_likely/Mouse069_20160709_16-02-03,Mouse069_20160709_16-02-03,Male_likely,v1,annotator1,annotator4,18497,0.9304752121965724,0.8962441036946089,0.7532069667717995,0.8294011025441066,0.8301956955064529,0.8031037260634838,0.6568179604126722
Male_likely/Mouse069_20160709_16-02-03,Mouse069_20160709_16-02-03,Male_likely,v1,annotator1,annotator5,18497,0.9206357787749365,0.7659525824406332,0.8081106079305356,0.7969786817191686,0.8015827650531531,0.7801143152038944,0.6314835138006077
Male_likely/Mouse069_20160709_16-02-03,Mouse069_20160709_16-02-03,Male_likely,v1,annotator1,annotator6,18497,0.9256636211277505,0.7585289595379263,0.5500867381599688,0.8152362380142061,0.8175698556616098,0.8200768177803563,0.6544470330750992
Male_likely/Mouse069_20160709_16-02-03,Mouse069_20160709_16-02-03,Male_likely,v1,annotator1,annotator7,18497,0.9069038222414446,0.6025055381396993,0.6256049767148782,0.7541155597429585,0.7675683963774352,0.7002195340686451,0.581110726375198
Male_likely/Mouse069_20160709_16-02-03,Mouse069_20160709_16-02-03,Male_likely,v1,annotator1,annotator8,18497,0.8765205168405688,0.6954246862357504,0.7007830637785692,0.6603029816299393,0.6809642763822336,0.646208440453163,0.5089388586581476
Male_likely/Mouse069_20160709_16-02-03,Mouse069_20160709_16-02-03,Male_likely,v1,annotator2,annotator3,18497,0.9359355571173704,0.8297028230448884,0.8762885081211607,0.8303820622873701,0.8357649289469827,0.7899577540101713,0.66605799340976
Male_likely/Mouse069_20160709_16-02-03,Mouse069_20160709_16-02-03,Male_likely,v1,annotator2,annotator4,18497,0.9348002378764124,0.8595188631272858,0.7716812733065411,0.8372552181874273,0.837413787861814,0.8308156260210452,0.6702512245575817
Male_likely/Mouse069_20160709_16-02-03,Mouse069_20160709_16-02-03,Male_likely,v1,annotator2,annotator5,18497,0.9287992647456345,0.748305037589752,0.8097717793159762,0.8143978987146141,0.817048191565678,0.8104127371661756,0.6505380723205678
Male_likely/Mouse069_20160709_16-02-03,Mouse069_20160709_16-02-03,Male_likely,v1,annotator2,annotator6,18497,0.9257176839487484,0.758361046262982,0.5664772072529465,0.8120098548583367,0.8129415670594833,0.8121071142517461,0.6423289074912945
Male_likely/Mouse069_20160709_16-02-03,Mouse069_20160709_16-02-03,Male_likely,v1,annotator2,annotator7,18497,0.9036600529815646,0.6045795699481109,0.616423566023382,0.7405443104072862,0.7513867323095661,0.6986918611418275,0.5595416687843225
Male_likely/Mouse069_20160709_16-02-03,Mouse069_20160709_16-02-03,Male_likely,v1,annotator2,annotator8,18497,0.8907390387630426,0.7106945187642275,0.7554510858003847,0.6927400531097648,0.7103923166778997,0.6701882130803949,0.5455542490404095
Male_likely/Mouse069_20160709_16-02-03,Mouse069_20160709_16-02-03,Male_likely,v1,annotator3,annotator4,18497,0.9190138941449965,0.9013980136348235,0.7457860139072496,0.7837757436133443,0.7875558864392903,0.7636296798724507,0.597645752095012
Male_likely/Mouse069_20160709_16-02-03,Mouse069_20160709_16-02-03,Male_likely,v1,annotator3,annotator5,18497,0.9282045737146565,0.8005378852045535,0.8304500747547607,0.798395435867364,0.7990317862500071,0.7842811468579048,0.6011271119650027
Male_likely/Mouse069_20160709_16-02-03,Mouse069_20160709_16-02-03,Male_likely,v1,annotator3,annotator6,18497,0.9237714223928205,0.8226198184021385,0.5694070868568584,0.7933858357591692,0.7969480246321785,0.7716840234741802,0.6150182691618017
Male_likely/Mouse069_20160709_16-02-03,Mouse069_20160709_16-02-03,Male_likely,v1,annotator3,annotator7,18497,0.9158241877061145,0.6259657293327567,0.6234399352590336,0.7534753336397333,0.7554494287579413,0.7102622778529188,0.5455694086275115
Male_likely/Mouse069_20160709_16-02-03,Mouse069_20160709_16-02-03,Male_likely,v1,annotator3,annotator8,18497,0.9003081580796886,0.7616259473189516,0.7724369656792722,0.6929841504117231,0.6973184722261732,0.6720724354896807,0.4860022076509945
Male_likely/Mouse069_20160709_16-02-03,Mouse069_20160709_16-02-03,Male_likely,v1,annotator4,annotator5,18497,0.9289073903876304,0.6778478598817618,0.72225938508284,0.8132395194618055,0.8150606706251349,0.8182751807845963,0.6607325691962436
Male_likely/Mouse069_20160709_16-02-03,Mouse069_20160709_16-02-03,Male_likely,v1,annotator4,annotator6,18497,0.9189598313239985,0.8228965911223546,0.6534214347849568,0.7934575674719608,0.7941178944811151,0.7918375584428922,0.6110414818961509
Male_likely/Mouse069_20160709_16-02-03,Mouse069_20160709_16-02-03,Male_likely,v1,annotator4,annotator7,18497,0.9013353516786506,0.6029173039054816,0.6115165907326927,0.7318184874634273,0.7406754176733048,0.7012261210827853,0.5416393205440174
Male_likely/Mouse069_20160709_16-02-03,Mouse069_20160709_16-02-03,Male_likely,v1,annotator4,annotator8,18497,0.8828999297183328,0.6201620575629015,0.6919181690824531,0.6673436312758928,0.6820281100040392,0.662926133455885,0.5030654338434181
Male_likely/Mouse069_20160709_16-02-03,Mouse069_20160709_16-02-03,Male_likely,v1,annotator5,annotator6,18497,0.9240957993188085,0.8164128491282028,0.5420978485397524,0.7975069620902804,0.7987788536577626,0.825940428316389,0.6428480564035766
Male_likely/Mouse069_20160709_16-02-03,Mouse069_20160709_16-02-03,Male_likely,v1,annotator5,annotator7,18497,0.9062550683894686,0.6079592426729887,0.6028875552268813,0.7314902602907483,0.7359600709514038,0.710106180750548,0.5263707842743826
Male_likely/Mouse069_20160709_16-02-03,Mouse069_20160709_16-02-03,Male_likely,v1,annotator5,annotator8,18497,0.9148510569281505,0.8200921171657256,0.7788290931059327,0.7438000032134076,0.7518200304031738,0.7245399708024327,0.5580728077332034
Male_likely/Mouse069_20160709_16-02-03,Mouse069_20160709_16-02-03,Male_likely,v1,annotator6,annotator7,18497,0.8854949451262367,0.48192037504764007,0.4679149432342419,0.684521652690496,0.6936469522536166,0.6641422441311625,0.5004864575678116
Male_likely/Mouse069_20160709_16-02-03,Mouse069_20160709_16-02-03,Male_likely,v1,annotator6,annotator8,18497,0.8817105476563767,0.48968530830985946,0.5287818030502456,0.6582839295173595,0.6714129035485678,0.6591334935861273,0.483860462477663
Male_likely/Mouse069_20160709_16-02-03,Mouse069_20160709_16-02-03,Male_likely,v1,annotator7,annotator8,18497,0.9413959020381684,0.8289588592357626,0.6393661797464304,0.8145381325435882,0.8179037167099604,0.8293517316352996,0.6582140277357593
Male_likely/Mouse069_20160709_16-02-03,Mouse069_20160709_16-02-03,Male_likely,v2,annotator1,annotator2,18497,0.9398821430502243,0.9217816294701174,0.8896769755382782,0.850216719244717,0.8526882095087077,0.8338378152473807,0.705665043178021
Male_likely/Mouse069_20160709_16-02-03,Mouse069_20160709_16-02-03,Male_likely,v2,annotator1,annotator3,18497,0.9457209277180083,0.8268355443885947,0.8761630700593988,0.8504036968121201,0.8536241799153953,0.813254503579401,0.6878726191211912
Male_likely/Mouse069_20160709_16-02-03,Mouse069_20160709_16-02-03,Male_likely,v2,annotator1,annotator4,18497,0.9423149699951343,0.8603394287177556,0.8553445399309625,0.8414297832295382,0.8447669612001169,0.8209772911532445,0.6816297648376087
Male_likely/Mouse069_20160709_16-02-03,Mouse069_20160709_16-02-03,Male_likely,v2,annotator1,annotator5,18497,0.9427474725631183,0.8504739031413244,0.8885644584056638,0.8443309477425908,0.845900104738327,0.8359523189963054,0.6860146732332417
Male_likely/Mouse069_20160709_16-02-03,Mouse069_20160709_16-02-03,Male_likely,v2,annotator1,annotator6,18497,0.9360436827593663,0.9010454929869601,0.873381952000466,0.8435435157851304,0.8485171799304876,0.8085706584290521,0.7044441004029509
Male_likely/Mouse069_20160709_16-02-03,Mouse069_20160709_16-02-03,Male_likely,v2,annotator1,annotator7,18497,0.9147429312861545,0.6188982155735954,0.6229150405240663,0.7637539651299388,0.7708538619726186,0.7350225445580263,0.5883971868251655
Male_likely/Mouse069_20160709_16-02-03,Mouse069_20160709_16-02-03,Male_likely,v2,annotator1,annotator8,18497,0.9129588581932205,0.7779626856672421,0.8077610247129487,0.7591811812278387,0.7621518762700554,0.7566376372466317,0.5740693907901211
Male_likely/Mouse069_20160709_16-02-03,Mouse069_20160709_16-02-03,Male_likely,v2,annotator2,annotator3,18497,0.9304211493755744,0.7732483432213881,0.8409664912193489,0.8182961291954721,0.8280774732805408,0.7703689775641799,0.6651442530273897
Male_likely/Mouse069_20160709_16-02-03,Mouse069_20160709_16-02-03,Male_likely,v2,annotator2,annotator4,18497,0.9321511596475104,0.8068647276493659,0.8292933890028875,0.8231870451826313,0.8327637260159387,0.7768103185982849,0.6726993253101411
Male_likely/Mouse069_20160709_16-02-03,Mouse069_20160709_16-02-03,Male_likely,v2,annotator2,annotator5,18497,0.9114450992052765,0.7854126127518128,0.8390934632988478,0.7717095911017536,0.7789511259657479,0.7642760618260224,0.6153340734171374
Male_likely/Mouse069_20160709_16-02-03,Mouse069_20160709_16-02-03,Male_likely,v2,annotator2,annotator6,18497,0.9408552738281883,0.8505022527990387,0.8478670540445572,0.8613311585677275,0.8635509212909428,0.8434928264019548,0.7143129483900974
Male_likely/Mouse069_20160709_16-02-03,Mouse069_20160709_16-02-03,Male_likely,v2,annotator2,annotator7,18497,0.9036059901605665,0.5951947556160653,0.6216337867736852,0.746623158266871,0.75884779870345,0.6849576365764195,0.5729109662916494
Male_likely/Mouse069_20160709_16-02-03,Mouse069_20160709_16-02-03,Male_likely,v2,annotator2,annotator8,18497,0.8857652592312267,0.707848451359499,0.752344318296335,0.7008344299911284,0.7100375859117081,0.690723021975048,0.5392049314072255
Male_likely/Mouse069_20160709_16-02-03,Mouse069_20160709_16-02-03,Male_likely,v2,annotator3,annotator4,18497,0.9424230956371303,0.9153052356720035,0.8461021624617533,0.8319577839175537,0.8320236569760092,0.7965284551568961,0.6449169751762426
Male_likely/Mouse069_20160709_16-02-03,Mouse069_20160709_16-02-03,Male_likely,v2,annotator3,annotator5,18497,0.9312861545115424,0.8650799421178927,0.8440585299225909,0.8022465960579761,0.8030990184591813,0.7838655170140483,0.6121396032934081
Male_likely/Mouse069_20160709_16-02-03,Mouse069_20160709_16-02-03,Male_likely,v2,annotator3,annotator6,18497,0.9143104287181705,0.9493098503049976,0.8506011255343653,0.7811859297343532,0.796154478228368,0.72006874813807,0.6283133767635412
Male_likely/Mouse069_20160709_16-02-03,Mouse069_20160709_16-02-03,Male_likely,v2,annotator3,annotator7,18497,0.9125263556252365,0.6262599998843071,0.6176596847047876,0.7419555812257494,0.7439440931190664,0.6932187440333278,0.5431870695547001
Male_likely/Mouse069_20160709_16-02-03,Mouse069_20160709_16-02-03,Male_likely,v2,annotator3,annotator8,18497,0.9092825863653565,0.8456419380250744,0.8190695068254445,0.7335976005458585,0.7338364821224354,0.7103354720481876,0.5342023394861772
Male_likely/Mouse069_20160709_16-02-03,Mouse069_20160709_16-02-03,Male_likely,v2,annotator4,annotator5,18497,0.9422609071741364,0.8005761040996336,0.8234086390941522,0.8343149960173124,0.8356131233383589,0.8476243500291111,0.6795756656805078
Male_likely/Mouse069_20160709_16-02-03,Mouse069_20160709_16-02-03,Male_likely,v2,annotator4,annotator6,18497,0.9152835594961345,0.9012721300310107,0.8672340997481056,0.7842767687295319,0.7996093455317118,0.7292949442864118,0.6423469306412043
Male_likely/Mouse069_20160709_16-02-03,Mouse069_20160709_16-02-03,Male_likely,v2,annotator4,annotator7,18497,0.9249608044547765,0.6415394424825286,0.6389753799353602,0.7790073607270296,0.7805111081977687,0.7343413871230232,0.5877142928832196
Male_likely/Mouse069_20160709_16-02-03,Mouse069_20160709_16-02-03,Male_likely,v2,annotator4,annotator8,18497,0.9080932043034006,0.7614060012125954,0.7900490325627516,0.7308626886085527,0.7313847453342788,0.7275099218159699,0.5321674351145445
Male_likely/Mouse069_20160709_16-02-03,Mouse069_20160709_16-02-03,Male_likely,v2,annotator5,annotator6,18497,0.9090663350813646,0.8876626053055505,0.8195920314512181,0.7700330404290673,0.7802661933817312,0.7412932304409388,0.6179516980594643
Male_likely/Mouse069_20160709_16-02-03,Mouse069_20160709_16-02-03,Male_likely,v2,annotator5,annotator7,18497,0.9067956965994486,0.6141168942161137,0.5965125031728115,0.7303975475268298,0.735419346017062,0.7243067492726258,0.5380185635983205
Male_likely/Mouse069_20160709_16-02-03,Mouse069_20160709_16-02-03,Male_likely,v2,annotator5,annotator8,18497,0.9195545223549765,0.8132284555031197,0.8089325459305607,0.7674347474010559,0.7678406654758821,0.7476171284661636,0.5595290256250727
Male_likely/Mouse069_20160709_16-02-03,Mouse069_20160709_16-02-03,Male_likely,v2,annotator6,annotator7,18497,0.8786830296804887,0.5900087457022992,0.5930702493190987,0.6897157503796785,0.7094876908513972,0.6364238735662452,0.5319451351171405
Male_likely/Mouse069_20160709_16-02-03,Mouse069_20160709_16-02-03,Male_likely,v2,annotator6,annotator8,18497,0.8804671027734228,0.7536702499321207,0.7955398261879636,0.6934604345232147,0.7065529559485101,0.6593426799750073,0.5282322379743403
Male_likely/Mouse069_20160709_16-02-03,Mouse069_20160709_16-02-03,Male_likely,v2,annotator7,annotator8,18497,0.9169595069470725,0.8250634998758023,0.6053313396282689,0.7545615112838121,0.7581470689095351,0.762402575618638,0.566239549450603
Male_likely/Mouse070_20160709_16-58-36,Mouse070_20160709_16-58-36,Male_likely,v1,annotator1,annotator2,20199,0.9130650032179811,0.8466594873867529,0.8412156163382912,0.8156523551609771,0.8159082180291027,0.8094608876631887,0.6354793352849328
Male_likely/Mouse070_20160709_16-58-36,Mouse070_20160709_16-58-36,Male_likely,v1,annotator1,annotator3,20199,0.8825684439823753,0.748298648584432,0.7692836243037616,0.7321089570250505,0.7383892479841662,0.7026191243063722,0.5335208495209679
Male_likely/Mouse070_20160709_16-58-36,Mouse070_20160709_16-58-36,Male_likely,v1,annotator1,annotator4,20199,0.8903906133967028,0.7643744208207521,0.7601063883799432,0.7606465387494394,0.7671045809611835,0.7786983125217937,0.6028582389180911
Male_likely/Mouse070_20160709_16-58-36,Mouse070_20160709_16-58-36,Male_likely,v1,annotator1,annotator5,20199,0.9014802713005594,0.792023759611793,0.6108795599734785,0.7790974540608716,0.7819349034721822,0.7673658484598535,0.5955587115931362
Male_likely/Mouse070_20160709_16-58-36,Mouse070_20160709_16-58-36,Male_likely,v1,annotator1,annotator6,20199,0.8917768206346849,0.7997186684338033,0.591762956937206,0.7717436146931289,0.7741217940589799,0.7824628016544459,0.6061240823240825
Male_likely/Mouse070_20160709_16-58-36,Mouse070_20160709_16-58-36,Male_likely,v1,annotator1,annotator7,20199,0.8341006980543592,0.6393256814343292,0.5857809432754676,0.6144946913550314,0.6344538211473766,0.5955043062471084,0.4578532273747675
Male_likely/Mouse070_20160709_16-58-36,Mouse070_20160709_16-58-36,Male_likely,v1,annotator1,annotator8,20199,0.8445962671419377,0.6392089106485277,0.6500669801213192,0.6192148476266599,0.6443150459596444,0.592011976783854,0.4484727737366257
Male_likely/Mouse070_20160709_16-58-36,Mouse070_20160709_16-58-36,Male_likely,v1,annotator2,annotator3,20199,0.9072231298579138,0.7858393193881997,0.8204394013351339,0.7907945324494878,0.7988730233264819,0.7542941296787045,0.6165026575106475
Male_likely/Mouse070_20160709_16-58-36,Mouse070_20160709_16-58-36,Male_likely,v1,annotator2,annotator4,20199,0.9163324917075103,0.8044849609347334,0.8174766155536468,0.8189106117614102,0.8249514119781238,0.82376710471756,0.6747106982653821
Male_likely/Mouse070_20160709_16-58-36,Mouse070_20160709_16-58-36,Male_likely,v1,annotator2,annotator5,20199,0.9071241150552007,0.7971428324985125,0.6183742398526471,0.7942120651924607,0.7986201327887534,0.7818483191484662,0.6317322585052617
Male_likely/Mouse070_20160709_16-58-36,Mouse070_20160709_16-58-36,Male_likely,v1,annotator2,annotator6,20199,0.9092529333135304,0.8287394398411436,0.6199509660572735,0.8102323436011752,0.8115649152679685,0.8025236552486713,0.6399791687348797
Male_likely/Mouse070_20160709_16-58-36,Mouse070_20160709_16-58-36,Male_likely,v1,annotator2,annotator7,20199,0.8422694192781821,0.6523638645074766,0.6168066696743921,0.637101460965456,0.6577659069844388,0.588773385912427,0.4667198442993929
Male_likely/Mouse070_20160709_16-58-36,Mouse070_20160709_16-58-36,Male_likely,v1,annotator2,annotator8,20199,0.8566265656715679,0.6606210351167932,0.6848870949433877,0.6534907283809647,0.682547876675558,0.5978320211220193,0.4951421006755518
Male_likely/Mouse070_20160709_16-58-36,Mouse070_20160709_16-58-36,Male_likely,v1,annotator3,annotator4,20199,0.919847517203822,0.8454279385548192,0.8312590409260743,0.8115759301642564,0.8164726706827002,0.7754082188732376,0.6280205270553587
Male_likely/Mouse070_20160709_16-58-36,Mouse070_20160709_16-58-36,Male_likely,v1,annotator3,annotator5,20199,0.9127184514084856,0.8345029189431514,0.6088088166910975,0.7894959680115163,0.7911093474475902,0.7743915260662273,0.5991863048056866
Male_likely/Mouse070_20160709_16-58-36,Mouse070_20160709_16-58-36,Male_likely,v1,annotator3,annotator6,20199,0.8881627803356602,0.8216113056495132,0.5799513348566927,0.7486878847604882,0.7569738647260712,0.710544988260386,0.559612885658958
Male_likely/Mouse070_20160709_16-58-36,Mouse070_20160709_16-58-36,Male_likely,v1,annotator3,annotator7,20199,0.8639536610723303,0.6329306968129496,0.6030472454504007,0.6533819952413911,0.6607525340354365,0.6068724910864458,0.4289360483056797
Male_likely/Mouse070_20160709_16-58-36,Mouse070_20160709_16-58-36,Male_likely,v1,annotator3,annotator8,20199,0.8848457844447745,0.6698178394817426,0.6969902222172238,0.6884203100127748,0.6966394959054486,0.6306979941710947,0.46966201594630086
Male_likely/Mouse070_20160709_16-58-36,Mouse070_20160709_16-58-36,Male_likely,v1,annotator4,annotator5,20199,0.8938066240903015,0.7739559924598843,0.5644026128816609,0.7565726872584789,0.7634559478633594,0.7835152477823172,0.6132130526127396
Male_likely/Mouse070_20160709_16-58-36,Mouse070_20160709_16-58-36,Male_likely,v1,annotator4,annotator6,20199,0.9172236249319273,0.8566726502059364,0.6085255970576788,0.8206008021444531,0.823390049102989,0.806667350116147,0.646762670905911
Male_likely/Mouse070_20160709_16-58-36,Mouse070_20160709_16-58-36,Male_likely,v1,annotator4,annotator7,20199,0.8797960295064112,0.6282248603374397,0.631189527262446,0.7065768074378687,0.7138390678672978,0.6288283072561712,0.47454546451857843
Male_likely/Mouse070_20160709_16-58-36,Mouse070_20160709_16-58-36,Male_likely,v1,annotator4,annotator8,20199,0.86608247933066,0.6044450649261892,0.6349277984677054,0.6587049427275407,0.6773648685002475,0.6012637069182147,0.47019024119732516
Male_likely/Mouse070_20160709_16-58-36,Mouse070_20160709_16-58-36,Male_likely,v1,annotator5,annotator6,20199,0.8741521857517699,0.5884198149881648,0.5622344306331533,0.7228756731102217,0.7294828495300806,0.7228200982510433,0.5573329825809915
Male_likely/Mouse070_20160709_16-58-36,Mouse070_20160709_16-58-36,Male_likely,v1,annotator5,annotator7,20199,0.8487548888558839,0.48195204192805946,0.44214960844964957,0.627261267101046,0.641408235739663,0.624063082805093,0.4445111265220188
Male_likely/Mouse070_20160709_16-58-36,Mouse070_20160709_16-58-36,Male_likely,v1,annotator5,annotator8,20199,0.8770731224318036,0.5130002860463072,0.5264169903599952,0.677560556437607,0.6917733518409743,0.6437020530484495,0.47479995733550545
Male_likely/Mouse070_20160709_16-58-36,Mouse070_20160709_16-58-36,Male_likely,v1,annotator6,annotator7,20199,0.8512797663250656,0.4721898499200079,0.4584187746337381,0.6564018852760442,0.6731020530395965,0.5858170497881112,0.46622300496883523
Male_likely/Mouse070_20160709_16-58-36,Mouse070_20160709_16-58-36,Male_likely,v1,annotator6,annotator8,20199,0.8371701569384623,0.44591847764020853,0.459616825729189,0.6076543476626903,0.634923443234803,0.556586888115142,0.45561785977015423
Male_likely/Mouse070_20160709_16-58-36,Mouse070_20160709_16-58-36,Male_likely,v1,annotator7,annotator8,20199,0.8986583494232387,0.8721327999746019,0.6909377494141218,0.7142456547769216,0.7232211537746822,0.6568325270250746,0.4889650849662982
Male_likely/Mouse074_20160709_19-15-23,Mouse074_20160709_19-15-23,Male_likely,v1,annotator1,annotator2,19389,0.9402754138944762,0.8381695054925515,0.8483892188368447,0.8268337875960661,0.8271678118843289,0.8447435217808005,0.661460800270355
Male_likely/Mouse074_20160709_19-15-23,Mouse074_20160709_19-15-23,Male_likely,v1,annotator1,annotator3,19389,0.9217597606890505,0.7610686443476773,0.7989265078606927,0.7566436934827359,0.763917375727055,0.7439603612994109,0.5838265614084498
Male_likely/Mouse074_20160709_19-15-23,Mouse074_20160709_19-15-23,Male_likely,v1,annotator1,annotator4,19389,0.9404817164371551,0.8449172546054147,0.8533434769699227,0.8279578767143195,0.8288542989794385,0.8245005413573526,0.6590218465636651
Male_likely/Mouse074_20160709_19-15-23,Mouse074_20160709_19-15-23,Male_likely,v1,annotator1,annotator5,19389,0.9322811903656713,0.791545543870917,0.6118818144041871,0.7971193154224909,0.7999519633493437,0.8225619100690558,0.628803386204921
Male_likely/Mouse074_20160709_19-15-23,Mouse074_20160709_19-15-23,Male_likely,v1,annotator1,annotator6,19389,0.9303213162102223,0.8001013560714251,0.8264095743275512,0.7906822164988243,0.7935306656311926,0.7845939884203068,0.6033577590484291
Male_likely/Mouse074_20160709_19-15-23,Mouse074_20160709_19-15-23,Male_likely,v1,annotator1,annotator7,19389,0.8944246737841044,0.7020178674230921,0.6998399621289408,0.6811266877391984,0.687980248085418,0.688339262380698,0.4906034995340089
Male_likely/Mouse074_20160709_19-15-23,Mouse074_20160709_19-15-23,Male_likely,v1,annotator1,annotator8,19389,0.8810665841456496,0.653511232044045,0.6800551151558972,0.6228899701544262,0.6321291131910552,0.6362733650602841,0.4562459848795748
Male_likely/Mouse074_20160709_19-15-23,Mouse074_20160709_19-15-23,Male_likely,v1,annotator2,annotator3,19389,0.9310949507452679,0.7815749308440255,0.8163344485550784,0.7807232767576444,0.7854639636696732,0.7731647588091345,0.5970495022999436
Male_likely/Mouse074_20160709_19-15-23,Mouse074_20160709_19-15-23,Male_likely,v1,annotator2,annotator4,19389,0.9325906441796895,0.8163476789298022,0.8152124320324968,0.8012461792233387,0.8017301675043326,0.8331227174022955,0.6426901910435655
Male_likely/Mouse074_20160709_19-15-23,Mouse074_20160709_19-15-23,Male_likely,v1,annotator2,annotator5,19389,0.9450719480117592,0.8253934747120764,0.6338929729017571,0.8318984713017756,0.8332360236571319,0.8577446341306255,0.6709795692562258
Male_likely/Mouse074_20160709_19-15-23,Mouse074_20160709_19-15-23,Male_likely,v1,annotator2,annotator6,19389,0.9306307700242406,0.7960999167982585,0.8146474522914424,0.7871156303246184,0.7883748873801136,0.8027014829897643,0.6053607624863057
Male_likely/Mouse074_20160709_19-15-23,Mouse074_20160709_19-15-23,Male_likely,v1,annotator2,annotator7,19389,0.9052039816390737,0.7183177766907235,0.7205875010700349,0.7072934505667037,0.7124662920296345,0.7230510889900228,0.50745775834666
Male_likely/Mouse074_20160709_19-15-23,Mouse074_20160709_19-15-23,Male_likely,v1,annotator2,annotator8,19389,0.9065965238021558,0.7170309067154169,0.7528796043247811,0.6967070311252961,0.703902895585241,0.6839835020069287,0.5022853441440138
Male_likely/Mouse074_20160709_19-15-23,Mouse074_20160709_19-15-23,Male_likely,v1,annotator3,annotator4,19389,0.9271236267987003,0.8446186767534914,0.8001408144451361,0.7687471827922994,0.7737894539969495,0.7640723723075377,0.5878216619680281
Male_likely/Mouse074_20160709_19-15-23,Mouse074_20160709_19-15-23,Male_likely,v1,annotator3,annotator5,19389,0.9254216308215999,0.7942953037218867,0.5802583549375651,0.7529459047156566,0.7542959305506363,0.7727973441047442,0.5562717128396666
Male_likely/Mouse074_20160709_19-15-23,Mouse074_20160709_19-15-23,Male_likely,v1,annotator3,annotator6,19389,0.933931610707102,0.8243150671942541,0.8025849629442895,0.7804722057732856,0.7816544084326196,0.7957786343754663,0.596569790028185
Male_likely/Mouse074_20160709_19-15-23,Mouse074_20160709_19-15-23,Male_likely,v1,annotator3,annotator7,19389,0.9093816081283201,0.7324328259786315,0.7175802918960558,0.6963066954903561,0.6996337008038418,0.6948789735003423,0.480011895761926
Male_likely/Mouse074_20160709_19-15-23,Mouse074_20160709_19-15-23,Male_likely,v1,annotator3,annotator8,19389,0.9017999896848728,0.6859262918353103,0.6935831536665638,0.6514193282130579,0.6517975431970082,0.6659013036617644,0.4376964456354561
Male_likely/Mouse074_20160709_19-15-23,Mouse074_20160709_19-15-23,Male_likely,v1,annotator4,annotator5,19389,0.9277425344267368,0.7658948565580759,0.587064683522712,0.7793624571488116,0.7805251455219289,0.8148540776022669,0.6165748850170155
Male_likely/Mouse074_20160709_19-15-23,Mouse074_20160709_19-15-23,Male_likely,v1,annotator4,annotator6,19389,0.9362525143122389,0.8074653867420589,0.8260353136237398,0.8048772568167357,0.8063524289576703,0.808766623454617,0.6207388938442217
Male_likely/Mouse074_20160709_19-15-23,Mouse074_20160709_19-15-23,Male_likely,v1,annotator4,annotator7,19389,0.906390221259477,0.7126602818220881,0.7282412990120576,0.7108703226793591,0.7141589575887463,0.6939262875818105,0.5015268986625632
Male_likely/Mouse074_20160709_19-15-23,Mouse074_20160709_19-15-23,Male_likely,v1,annotator4,annotator8,19389,0.8720408479034504,0.6067457287551113,0.6316929381477955,0.5855660755344952,0.5917288612156832,0.6117327342061267,0.43318756037728295
Male_likely/Mouse074_20160709_19-15-23,Mouse074_20160709_19-15-23,Male_likely,v1,annotator5,annotator6,19389,0.9348599721491567,0.6062973664266768,0.606500753075549,0.7924694367237051,0.7925124370917068,0.8056601154327706,0.6114250886013669
Male_likely/Mouse074_20160709_19-15-23,Mouse074_20160709_19-15-23,Male_likely,v1,annotator5,annotator7,19389,0.9012842333281758,0.51708948379207,0.5132023740957271,0.6826880453740356,0.6847246416764545,0.6954743582780228,0.46724909491953914
Male_likely/Mouse074_20160709_19-15-23,Mouse074_20160709_19-15-23,Male_likely,v1,annotator5,annotator8,19389,0.8928258290783434,0.49496423117112776,0.5110844342348949,0.6370461057526244,0.6396728826760427,0.666380832352792,0.43144256296187755
Male_likely/Mouse074_20160709_19-15-23,Mouse074_20160709_19-15-23,Male_likely,v1,annotator6,annotator7,19389,0.8992212079013874,0.6985508291509155,0.6910175341828295,0.6754012023830314,0.677912454603706,0.6781964168530096,0.4697471571273756
Male_likely/Mouse074_20160709_19-15-23,Mouse074_20160709_19-15-23,Male_likely,v1,annotator6,annotator8,19389,0.8812728866883285,0.6334144619308218,0.6500298484972211,0.5966976311523307,0.5989875875143102,0.6248557309981643,0.41600915770990676
Male_likely/Mouse074_20160709_19-15-23,Mouse074_20160709_19-15-23,Male_likely,v1,annotator7,annotator8,19389,0.8966940017535716,0.6505095890385194,0.6517404696819944,0.6455833857550266,0.6492980014714091,0.6770147369895256,0.43534333421095356
Male_likely/Mouse077_20160709_18-29-34,Mouse077_20160709_18-29-34,Male_likely,v1,annotator1,annotator2,19955,0.8795790528689551,0.8039660039371263,0.6046825425229332,0.7767505490011927,0.7796227046768719,0.7239507770774711,0.5640662416093198
Male_likely/Mouse077_20160709_18-29-34,Mouse077_20160709_18-29-34,Male_likely,v1,annotator1,annotator3,19955,0.824204460035079,0.668307892666259,0.6753759656070771,0.651066802225396,0.6602843262855617,0.5980512394778469,0.4383212841220321
Male_likely/Mouse077_20160709_18-29-34,Mouse077_20160709_18-29-34,Male_likely,v1,annotator1,annotator4,19955,0.8722625908293661,0.7593666723963746,0.7682444287511642,0.7559352341805,0.7626353076321225,0.7079964290402119,0.5529165926040979
Male_likely/Mouse077_20160709_18-29-34,Mouse077_20160709_18-29-34,Male_likely,v1,annotator1,annotator5,19955,0.857880230518667,0.731437424827425,0.7523364908382101,0.7218538487539441,0.7272276684729668,0.6967833084241082,0.5321959282858107
Male_likely/Mouse077_20160709_18-29-34,Mouse077_20160709_18-29-34,Male_likely,v1,annotator1,annotator6,19955,0.8704084189426209,0.7969895960381409,0.6008639393067268,0.7563677577165828,0.7572291394396341,0.7088464719815245,0.530106263487259
Male_likely/Mouse077_20160709_18-29-34,Mouse077_20160709_18-29-34,Male_likely,v1,annotator1,annotator7,19955,0.7227261338010523,0.597605897940227,0.5450269447813475,0.49646668893484747,0.5225270417827446,0.3460927149568656,0.2863523228115882
Male_likely/Mouse077_20160709_18-29-34,Mouse077_20160709_18-29-34,Male_likely,v1,annotator1,annotator8,19955,0.7873214733149586,0.6267663049861916,0.6199216224323866,0.5834498587102035,0.5905187686454448,0.5266741477026139,0.3902607476212761
Male_likely/Mouse077_20160709_18-29-34,Mouse077_20160709_18-29-34,Male_likely,v1,annotator2,annotator3,19955,0.8550238035580056,0.5155830002231452,0.5336778463993469,0.7116663836013613,0.7212557840788887,0.6417755980232192,0.49939097211990924
Male_likely/Mouse077_20160709_18-29-34,Mouse077_20160709_18-29-34,Male_likely,v1,annotator2,annotator4,19955,0.899173139564019,0.5850931753046391,0.6028625852796905,0.8059551657512669,0.8083061912412727,0.7507106752674644,0.6021644974149418
Male_likely/Mouse077_20160709_18-29-34,Mouse077_20160709_18-29-34,Male_likely,v1,annotator2,annotator5,19955,0.8532197444249562,0.5400049682191662,0.5515603425647204,0.713792294872398,0.7227188990509851,0.6750842751223535,0.5255019471290986
Male_likely/Mouse077_20160709_18-29-34,Mouse077_20160709_18-29-34,Male_likely,v1,annotator2,annotator6,19955,0.8504134302179904,0.5788310160050628,0.5685743692975009,0.7204305044528324,0.7264717957388238,0.6749401116710552,0.5100529794148032
Male_likely/Mouse077_20160709_18-29-34,Mouse077_20160709_18-29-34,Male_likely,v1,annotator2,annotator7,19955,0.7671761463292408,0.45234098987848603,0.43385681036736434,0.5666652711536938,0.582693346526619,0.41236377248242057,0.32343954690814464
Male_likely/Mouse077_20160709_18-29-34,Mouse077_20160709_18-29-34,Male_likely,v1,annotator2,annotator8,19955,0.8166875469807066,0.4715266796924402,0.4780120100330089,0.6391743259265463,0.6445538826295371,0.5726818264320462,0.42432533114863685
Male_likely/Mouse077_20160709_18-29-34,Mouse077_20160709_18-29-34,Male_likely,v1,annotator3,annotator4,19955,0.8812828864946128,0.7718011474707214,0.750935428543483,0.7535421997730312,0.757910296693244,0.6844289678529911,0.526485246895725
Male_likely/Mouse077_20160709_18-29-34,Mouse077_20160709_18-29-34,Male_likely,v1,annotator3,annotator5,19955,0.8592833876221498,0.7366985436700592,0.7107131457518734,0.7003587760673069,0.7024642491175939,0.6693421080957604,0.46093452482433556
Male_likely/Mouse077_20160709_18-29-34,Mouse077_20160709_18-29-34,Male_likely,v1,annotator3,annotator6,19955,0.8417439238286144,0.7848601532713589,0.5368487057893453,0.6816629630921512,0.6909002830016343,0.6287497275085983,0.4665810991356859
Male_likely/Mouse077_20160709_18-29-34,Mouse077_20160709_18-29-34,Male_likely,v1,annotator3,annotator7,19955,0.753796041092458,0.5844195096397171,0.5496904339159455,0.5173296048552729,0.5463485458310566,0.3435140178026581,0.279685035517777
Male_likely/Mouse077_20160709_18-29-34,Mouse077_20160709_18-29-34,Male_likely,v1,annotator3,annotator8,19955,0.8394387371586068,0.6701715778703474,0.6660733610707562,0.6555989190765823,0.6563091695659928,0.5789844696336877,0.3869960832235458
Male_likely/Mouse077_20160709_18-29-34,Mouse077_20160709_18-29-34,Male_likely,v1,annotator4,annotator5,19955,0.8749185667752443,0.7599777527985859,0.743579864178955,0.7465644449674295,0.7535843659997146,0.724386210941266,0.5663670314624534
Male_likely/Mouse077_20160709_18-29-34,Mouse077_20160709_18-29-34,Male_likely,v1,annotator4,annotator6,19955,0.8690553745928339,0.8257211728929269,0.5684089864668795,0.7476112357402415,0.7572605933283982,0.7271035421125541,0.5702227519174066
Male_likely/Mouse077_20160709_18-29-34,Mouse077_20160709_18-29-34,Male_likely,v1,annotator4,annotator7,19955,0.7742420446003508,0.5999315141684711,0.5853934749836329,0.5644254809437179,0.5799956378091267,0.38590872637603857,0.3156084452669765
Male_likely/Mouse077_20160709_18-29-34,Mouse077_20160709_18-29-34,Male_likely,v1,annotator4,annotator8,19955,0.8211475820596342,0.6177720797093467,0.6248389377149639,0.632978792920176,0.6342583873452554,0.5496999213965645,0.40629639180912247
Male_likely/Mouse077_20160709_18-29-34,Mouse077_20160709_18-29-34,Male_likely,v1,annotator5,annotator6,19955,0.8581307942871461,0.7819263459904798,0.5653841334944878,0.7181075295884999,0.7217161003271225,0.6972300998077484,0.5136836432374227
Male_likely/Mouse077_20160709_18-29-34,Mouse077_20160709_18-29-34,Male_likely,v1,annotator5,annotator7,19955,0.7265848158356302,0.5923080208458389,0.5409439988781629,0.4815835725960572,0.5150785107405713,0.323021074946246,0.2705770130087446
Male_likely/Mouse077_20160709_18-29-34,Mouse077_20160709_18-29-34,Male_likely,v1,annotator5,annotator8,19955,0.811676271611125,0.6520868784985202,0.6496067319796064,0.6059652692798974,0.6091328920504386,0.5474718210654447,0.35854202894002696
Male_likely/Mouse077_20160709_18-29-34,Mouse077_20160709_18-29-34,Male_likely,v1,annotator6,annotator7,19955,0.7034327236281633,0.44618310086791574,0.39811932336599404,0.46242650036461586,0.4938540165333958,0.3124867665208459,0.26403697303591717
Male_likely/Mouse077_20160709_18-29-34,Mouse077_20160709_18-29-34,Male_likely,v1,annotator6,annotator8,19955,0.7864695565021298,0.488445931522051,0.48382434077155645,0.5770773918048828,0.5849777444967044,0.4954851289471205,0.3472245900259149
Male_likely/Mouse077_20160709_18-29-34,Mouse077_20160709_18-29-34,Male_likely,v1,annotator7,annotator8,19955,0.7912803808569281,0.7331300515390899,0.626437558556547,0.5913935155574939,0.6159232544553515,0.41921025147643476,0.3496614203007648
Undetermined/Mouse162_20161017_19-58-28,Mouse162_20161017_19-58-28,Undetermined,v1,annotator1,annotator2,17935,0.8709785335935322,0.8896248116541224,0.8264592763467764,0.7620958845374377,0.7732773395427279,0.6026836651012274,0.5443197534546121
Undetermined/Mouse162_20161017_19-58-28,Mouse162_20161017_19-58-28,Undetermined,v1,annotator1,annotator3,17935,0.8428212991357681,0.771822920513013,0.7988220561618258,0.7025312379983264,0.7153412193136016,0.511343660876115,0.45699495537397306
Undetermined/Mouse162_20161017_19-58-28,Mouse162_20161017_19-58-28,Undetermined,v1,annotator1,annotator4,17935,0.8836911067744634,0.8770137366823393,0.8650527284126553,0.7831741985084876,0.7832293143492379,0.62128883580868,0.535995109880994
Undetermined/Mouse162_20161017_19-58-28,Mouse162_20161017_19-58-28,Undetermined,v1,annotator1,annotator5,17935,0.8561471982157792,0.8052550335923323,0.47791307217789586,0.7309629637209643,0.7444947381927122,0.5612706709667684,0.5005360534320038
Undetermined/Mouse162_20161017_19-58-28,Mouse162_20161017_19-58-28,Undetermined,v1,annotator1,annotator6,17935,0.8531363256202955,0.8231826252149069,0.8229516890588876,0.7243680873573781,0.7352756256611408,0.537332441567065,0.47912828554684933
Undetermined/Mouse162_20161017_19-58-28,Mouse162_20161017_19-58-28,Undetermined,v1,annotator1,annotator7,17935,0.8200167270699749,0.7702485216569807,0.7776437316318674,0.6612819177569147,0.6729981219159874,0.4567422603768572,0.40384872803145533
Undetermined/Mouse162_20161017_19-58-28,Mouse162_20161017_19-58-28,Undetermined,v1,annotator1,annotator8,17935,0.7784778366322832,0.7464560572829749,0.7507610148508009,0.5821521974336483,0.6094442730263986,0.360793047977237,0.35529009918826376
Undetermined/Mouse162_20161017_19-58-28,Mouse162_20161017_19-58-28,Undetermined,v1,annotator2,annotator3,17935,0.8909952606635071,0.7622087613972508,0.8087802272171759,0.7901691684282768,0.7917304994367174,0.6789062521489698,0.5651395429648565
Undetermined/Mouse162_20161017_19-58-28,Mouse162_20161017_19-58-28,Undetermined,v1,annotator2,annotator4,17935,0.8887092277669362,0.8282058559978603,0.8511410549399036,0.7949615796886446,0.8051644338949657,0.6528340457286118,0.5962451444643314
Undetermined/Mouse162_20161017_19-58-28,Mouse162_20161017_19-58-28,Undetermined,v1,annotator2,annotator5,17935,0.914970727627544,0.8173323700112505,0.509649960479025,0.8380273297958726,0.8387467349321855,0.7539058119222607,0.6292060517551833
Undetermined/Mouse162_20161017_19-58-28,Mouse162_20161017_19-58-28,Undetermined,v1,annotator2,annotator6,17935,0.8959576247560636,0.8096484088274299,0.8480380017596661,0.8017801466256812,0.80243582606969,0.6796183345857273,0.5695260298561223
Undetermined/Mouse162_20161017_19-58-28,Mouse162_20161017_19-58-28,Undetermined,v1,annotator2,annotator7,17935,0.8745469751881796,0.7503642707543149,0.7840877661841062,0.7598113939338127,0.7607709370549396,0.637667846451072,0.5093179703599221
Undetermined/Mouse162_20161017_19-58-28,Mouse162_20161017_19-58-28,Undetermined,v1,annotator2,annotator8,17935,0.820183997769724,0.7100255907442135,0.7505320036153198,0.6483464459112158,0.6552466264121956,0.482348197030087,0.39097618845942206
Undetermined/Mouse162_20161017_19-58-28,Mouse162_20161017_19-58-28,Undetermined,v1,annotator3,annotator4,17935,0.8757736269863395,0.9020884614302055,0.8360881097791516,0.7651293303735651,0.7777930132092751,0.6055438570926737,0.5643518429156003
Undetermined/Mouse162_20161017_19-58-28,Mouse162_20161017_19-58-28,Undetermined,v1,annotator3,annotator5,17935,0.8896570950655144,0.8457353392145815,0.4817087539483559,0.7833928936231305,0.7836586164638789,0.666544691659118,0.5390765248302917
Undetermined/Mouse162_20161017_19-58-28,Mouse162_20161017_19-58-28,Undetermined,v1,annotator3,annotator6,17935,0.9266239197100641,0.9212549926703572,0.8786567094002381,0.8559401129781774,0.8562022321305276,0.7617373687027191,0.6514535458488397
Undetermined/Mouse162_20161017_19-58-28,Mouse162_20161017_19-58-28,Undetermined,v1,annotator3,annotator7,17935,0.9005854474491218,0.8356567881444814,0.8125675513206273,0.8037263815538512,0.8037949373329297,0.6879907196594287,0.5548333950352261
Undetermined/Mouse162_20161017_19-58-28,Mouse162_20161017_19-58-28,Undetermined,v1,annotator3,annotator8,17935,0.8336771675494843,0.7832530141051214,0.7637006740706399,0.6636815476603015,0.6681514039504516,0.4881565317681748,0.38244381765011426
Undetermined/Mouse162_20161017_19-58-28,Mouse162_20161017_19-58-28,Undetermined,v1,annotator4,annotator5,17935,0.8698076386952885,0.7979194016866525,0.4795421801593019,0.7567073720192405,0.7692958863095312,0.6078387894122282,0.5489925499112375
Undetermined/Mouse162_20161017_19-58-28,Mouse162_20161017_19-58-28,Undetermined,v1,annotator4,annotator6,17935,0.8880959018678561,0.8522114032525155,0.8634523655479663,0.7901964686045236,0.8007982905545642,0.6377494281526648,0.5862333012851919
Undetermined/Mouse162_20161017_19-58-28,Mouse162_20161017_19-58-28,Undetermined,v1,annotator4,annotator7,17935,0.8531920825202118,0.7957460737598915,0.8132522565839153,0.7239727941541323,0.735533000469889,0.5448404833906223,0.49086383722847043
Undetermined/Mouse162_20161017_19-58-28,Mouse162_20161017_19-58-28,Undetermined,v1,annotator4,annotator8,17935,0.7838304990242543,0.7419620419372595,0.7561455109118401,0.5921835718564605,0.6182061797670052,0.37372101772686556,0.36568204838333346
Undetermined/Mouse162_20161017_19-58-28,Mouse162_20161017_19-58-28,Undetermined,v1,annotator5,annotator6,17935,0.8900473933649289,0.49593032143704774,0.49990294883008524,0.7865955742962377,0.7867556438582766,0.6611586681656482,0.5427787248746417
Undetermined/Mouse162_20161017_19-58-28,Mouse162_20161017_19-58-28,Undetermined,v1,annotator5,annotator7,17935,0.8544744912182882,0.4368484600896675,0.4426606211699443,0.7160042712492634,0.7160719530195487,0.57938316234073,0.4475437084223905
Undetermined/Mouse162_20161017_19-58-28,Mouse162_20161017_19-58-28,Undetermined,v1,annotator5,annotator8,17935,0.7972121550041817,0.39845688727945083,0.40617634906456185,0.5945677698258369,0.5984166959290729,0.4303539130055205,0.312482018083229
Undetermined/Mouse162_20161017_19-58-28,Mouse162_20161017_19-58-28,Undetermined,v1,annotator6,annotator7,17935,0.8901031502648453,0.7895558034873518,0.7971901024002968,0.7855173411068007,0.7856127671402708,0.6657428868264286,0.5348896298854833
Undetermined/Mouse162_20161017_19-58-28,Mouse162_20161017_19-58-28,Undetermined,v1,annotator6,annotator8,17935,0.8340674658488988,0.7377300378933832,0.7492478102993788,0.6689470567023286,0.6747618077071534,0.5037359498737969,0.40055133015234234
Undetermined/Mouse162_20161017_19-58-28,Mouse162_20161017_19-58-28,Undetermined,v1,annotator7,annotator8,17935,0.8478951770281572,0.7806395412282375,0.7854101824703338,0.6943501002081816,0.6991161828257386,0.5264251658004571,0.4185421240258996
