behavior,n_frames,fraction,sex_group,split,mouse,record_key,annotator,file
other,16423,0.6060818540797874,Female_likely,test,013,Female_likely__test__mouse013,annotator1,public_data/calms21_task2_converted_nas/CalMS21/Female_likely/task2_annotator1_test_mouse013/Manual_Scoring_annotator1.csv
investigation,7980,0.29449754585378457,Female_likely,test,013,Female_likely__test__mouse013,annotator1,public_data/calms21_task2_converted_nas/CalMS21/Female_likely/task2_annotator1_test_mouse013/Manual_Scoring_annotator1.csv
mount,2694,0.09942060006642801,Female_likely,test,013,Female_likely__test__mouse013,annotator1,public_data/calms21_task2_converted_nas/CalMS21/Female_likely/task2_annotator1_test_mouse013/Manual_Scoring_annotator1.csv
other,13872,0.4751498544271279,Female_likely,test,015,Female_likely__test__mouse015,annotator1,public_data/calms21_task2_converted_nas/CalMS21/Female_likely/task2_annotator1_test_mouse015/Manual_Scoring_annotator1.csv
mount,10139,0.34728549409145404,Female_likely,test,015,Female_likely__test__mouse015,annotator1,public_data/calms21_task2_converted_nas/CalMS21/Female_likely/task2_annotator1_test_mouse015/Manual_Scoring_annotator1.csv
investigation,5184,0.17756465148141806,Female_likely,test,015,Female_likely__test__mouse015,annotator1,public_data/calms21_task2_converted_nas/CalMS21/Female_likely/task2_annotator1_test_mouse015/Manual_Scoring_annotator1.csv
other,17043,0.6365741605348673,Female_likely,test,016,Female_likely__test__mouse016,annotator1,public_data/calms21_task2_converted_nas/CalMS21/Female_likely/task2_annotator1_test_mouse016/Manual_Scoring_annotator1.csv
investigation,7049,0.26328764053337317,Female_likely,test,016,Female_likely__test__mouse016,annotator1,public_data/calms21_task2_converted_nas/CalMS21/Female_likely/task2_annotator1_test_mouse016/Manual_Scoring_annotator1.csv
mount,2681,0.10013819893175961,Female_likely,test,016,Female_likely__test__mouse016,annotator1,public_data/calms21_task2_converted_nas/CalMS21/Female_likely/task2_annotator1_test_mouse016/Manual_Scoring_annotator1.csv
other,15454,0.5824445030716466,Female_likely,test,017,Female_likely__test__mouse017,annotator1,public_data/calms21_task2_converted_nas/CalMS21/Female_likely/task2_annotator1_test_mouse017/Manual_Scoring_annotator1.csv
mount,6453,0.24320657294689632,Female_likely,test,017,Female_likely__test__mouse017,annotator1,public_data/calms21_task2_converted_nas/CalMS21/Female_likely/task2_annotator1_test_mouse017/Manual_Scoring_annotator1.csv
investigation,4626,0.17434892398145704,Female_likely,test,017,Female_likely__test__mouse017,annotator1,public_data/calms21_task2_converted_nas/CalMS21/Female_likely/task2_annotator1_test_mouse017/Manual_Scoring_annotator1.csv
other,15046,0.5620470676129996,Female_likely,test,018,Female_likely__test__mouse018,annotator1,public_data/calms21_task2_converted_nas/CalMS21/Female_likely/task2_annotator1_test_mouse018/Manual_Scoring_annotator1.csv
mount,7153,0.2672020918939111,Female_likely,test,018,Female_likely__test__mouse018,annotator1,public_data/calms21_task2_converted_nas/CalMS21/Female_likely/task2_annotator1_test_mouse018/Manual_Scoring_annotator1.csv
investigation,4571,0.17075084049308928,Female_likely,test,018,Female_likely__test__mouse018,annotator1,public_data/calms21_task2_converted_nas/CalMS21/Female_likely/task2_annotator1_test_mouse018/Manual_Scoring_annotator1.csv
other,14819,0.5649853215906058,Female_likely,test,019,Female_likely__test__mouse019,annotator1,public_data/calms21_task2_converted_nas/CalMS21/Female_likely/task2_annotator1_test_mouse019/Manual_Scoring_annotator1.csv
mount,7174,0.27351404933470586,Female_likely,test,019,Female_likely__test__mouse019,annotator1,public_data/calms21_task2_converted_nas/CalMS21/Female_likely/task2_annotator1_test_mouse019/Manual_Scoring_annotator1.csv
investigation,4236,0.16150062907468832,Female_likely,test,019,Female_likely__test__mouse019,annotator1,public_data/calms21_task2_converted_nas/CalMS21/Female_likely/task2_annotator1_test_mouse019/Manual_Scoring_annotator1.csv
other,15637,0.569425731036743,Female_likely,train,003,Female_likely__train__mouse003,annotator1,public_data/calms21_task2_converted_nas/CalMS21/Female_likely/task2_annotator1_train_mouse003/Manual_Scoring_annotator1.csv
mount,7338,0.26721532354976146,Female_likely,train,003,Female_likely__train__mouse003,annotator1,public_data/calms21_task2_converted_nas/CalMS21/Female_likely/task2_annotator1_train_mouse003/Manual_Scoring_annotator1.csv
investigation,4486,0.1633589454134955,Female_likely,train,003,Female_likely__train__mouse003,annotator1,public_data/calms21_task2_converted_nas/CalMS21/Female_likely/task2_annotator1_train_mouse003/Manual_Scoring_annotator1.csv
other,16309,0.5217544308656984,Female_likely,train,004,Female_likely__train__mouse004,annotator1,public_data/calms21_task2_converted_nas/CalMS21/Female_likely/task2_annotator1_train_mouse004/Manual_Scoring_annotator1.csv
mount,9732,0.3113442958602598,Female_likely,train,004,Female_likely__train__mouse004,annotator1,public_data/calms21_task2_converted_nas/CalMS21/Female_likely/task2_annotator1_train_mouse004/Manual_Scoring_annotator1.csv
investigation,5217,0.16690127327404183,Female_likely,train,004,Female_likely__train__mouse004,annotator1,public_data/calms21_task2_converted_nas/CalMS21/Female_likely/task2_annotator1_train_mouse004/Manual_Scoring_annotator1.csv
other,19330,0.684975194897236,Female_likely,train,014,Female_likely__train__mouse014,annotator1,public_data/calms21_task2_converted_nas/CalMS21/Female_likely/task2_annotator1_train_mouse014/Manual_Scoring_annotator1.csv
mount,5466,0.19369241672572643,Female_likely,train,014,Female_likely__train__mouse014,annotator1,public_data/calms21_task2_converted_nas/CalMS21/Female_likely/task2_annotator1_train_mouse014/Manual_Scoring_annotator1.csv
investigation,3424,0.12133238837703757,Female_likely,train,014,Female_likely__train__mouse014,annotator1,public_data/calms21_task2_converted_nas/CalMS21/Female_likely/task2_annotator1_train_mouse014/Manual_Scoring_annotator1.csv
other,10625,0.7822853777057871,Female_likely,test,012,Female_likely__test__mouse012,annotator2,public_data/calms21_task2_converted_nas/CalMS21/Female_likely/task2_annotator2_test_mouse012/Manual_Scoring_annotator2.csv
investigation,2295,0.16897364158445,Female_likely,test,012,Female_likely__test__mouse012,annotator2,public_data/calms21_task2_converted_nas/CalMS21/Female_likely/task2_annotator2_test_mouse012/Manual_Scoring_annotator2.csv
mount,662,0.04874098070976292,Female_likely,test,012,Female_likely__test__mouse012,annotator2,public_data/calms21_task2_converted_nas/CalMS21/Female_likely/task2_annotator2_test_mouse012/Manual_Scoring_annotator2.csv
other,13881,0.7363535090976606,Female_likely,train,002,Female_likely__train__mouse002,annotator2,public_data/calms21_task2_converted_nas/CalMS21/Female_likely/task2_annotator2_train_mouse002/Manual_Scoring_annotator2.csv
investigation,4464,0.2368044135589624,Female_likely,train,002,Female_likely__train__mouse002,annotator2,public_data/calms21_task2_converted_nas/CalMS21/Female_likely/task2_annotator2_train_mouse002/Manual_Scoring_annotator2.csv
mount,506,0.02684207734337701,Female_likely,train,002,Female_likely__train__mouse002,annotator2,public_data/calms21_task2_converted_nas/CalMS21/Female_likely/task2_annotator2_train_mouse002/Manual_Scoring_annotator2.csv
other,10403,0.630714199102704,Female_likely,train,003,Female_likely__train__mouse003,annotator2,public_data/calms21_task2_converted_nas/CalMS21/Female_likely/task2_annotator2_train_mouse003/Manual_Scoring_annotator2.csv
investigation,3977,0.2411179822965927,Female_likely,train,003,Female_likely__train__mouse003,annotator2,public_data/calms21_task2_converted_nas/CalMS21/Female_likely/task2_annotator2_train_mouse003/Manual_Scoring_annotator2.csv
mount,2114,0.12816781860070328,Female_likely,train,003,Female_likely__train__mouse003,annotator2,public_data/calms21_task2_converted_nas/CalMS21/Female_likely/task2_annotator2_train_mouse003/Manual_Scoring_annotator2.csv
other,15774,0.659337903360642,Female_likely,train,011,Female_likely__train__mouse011,annotator2,public_data/calms21_task2_converted_nas/CalMS21/Female_likely/task2_annotator2_train_mouse011/Manual_Scoring_annotator2.csv
investigation,6958,0.29083765256646044,Female_likely,train,011,Female_likely__train__mouse011,annotator2,public_data/calms21_task2_converted_nas/CalMS21/Female_likely/task2_annotator2_train_mouse011/Manual_Scoring_annotator2.csv
mount,1192,0.04982444407289751,Female_likely,train,011,Female_likely__train__mouse011,annotator2,public_data/calms21_task2_converted_nas/CalMS21/Female_likely/task2_annotator2_train_mouse011/Manual_Scoring_annotator2.csv
other,14136,0.7321696793908945,Female_likely,test,008,Female_likely__test__mouse008,annotator3,public_data/calms21_task2_converted_nas/CalMS21/Female_likely/task2_annotator3_test_mouse008/Manual_Scoring_annotator3.csv
investigation,3088,0.15994198995183095,Female_likely,test,008,Female_likely__test__mouse008,annotator3,public_data/calms21_task2_converted_nas/CalMS21/Female_likely/task2_annotator3_test_mouse008/Manual_Scoring_annotator3.csv
mount,2083,0.10788833065727456,Female_likely,test,008,Female_likely__test__mouse008,annotator3,public_data/calms21_task2_converted_nas/CalMS21/Female_likely/task2_annotator3_test_mouse008/Manual_Scoring_annotator3.csv
other,14226,0.7368312011187652,Female_likely,test,008,Female_likely__test__mouse008,annotator4,public_data/calms21_task2_converted_nas/CalMS21/Female_likely/task2_annotator3_test_mouse008/Manual_Scoring_annotator4.csv
investigation,3361,0.1740819391930388,Female_likely,test,008,Female_likely__test__mouse008,annotator4,public_data/calms21_task2_converted_nas/CalMS21/Female_likely/task2_annotator3_test_mouse008/Manual_Scoring_annotator4.csv
mount,1720,0.08908685968819599,Female_likely,test,008,Female_likely__test__mouse008,annotator4,public_data/calms21_task2_converted_nas/CalMS21/Female_likely/task2_annotator3_test_mouse008/Manual_Scoring_annotator4.csv
other,7890,0.4017720745493431,Female_likely,test,010,Female_likely__test__mouse010,annotator3,public_data/calms21_task2_converted_nas/CalMS21/Female_likely/task2_annotator3_test_mouse010/Manual_Scoring_annotator3.csv
investigation,6597,0.33593033913840514,Female_likely,test,010,Female_likely__test__mouse010,annotator3,public_data/calms21_task2_converted_nas/CalMS21/Female_likely/task2_annotator3_test_mouse010/Manual_Scoring_annotator3.csv
mount,5151,0.26229758631225175,Female_likely,test,010,Female_likely__test__mouse010,annotator3,public_data/calms21_task2_converted_nas/CalMS21/Female_likely/task2_annotator3_test_mouse010/Manual_Scoring_annotator3.csv
other,7762,0.3952540991954374,Female_likely,test,010,Female_likely__test__mouse010,annotator4,public_data/calms21_task2_converted_nas/CalMS21/Female_likely/task2_annotator3_test_mouse010/Manual_Scoring_annotator4.csv
investigation,6852,0.3489153681637641,Female_likely,test,010,Female_likely__test__mouse010,annotator4,public_data/calms21_task2_converted_nas/CalMS21/Female_likely/task2_annotator3_test_mouse010/Manual_Scoring_annotator4.csv
mount,5024,0.25583053264079847,Female_likely,test,010,Female_likely__test__mouse010,annotator4,public_data/calms21_task2_converted_nas/CalMS21/Female_likely/task2_annotator3_test_mouse010/Manual_Scoring_annotator4.csv
other,16964,0.6983369010373786,Female_likely,train,001,Female_likely__train__mouse001,annotator3,public_data/calms21_task2_converted_nas/CalMS21/Female_likely/task2_annotator3_train_mouse001/Manual_Scoring_annotator3.csv
investigation,4444,0.1829408858883583,Female_likely,train,001,Female_likely__train__mouse001,annotator3,public_data/calms21_task2_converted_nas/CalMS21/Female_likely/task2_annotator3_train_mouse001/Manual_Scoring_annotator3.csv
mount,2884,0.11872221307426313,Female_likely,train,001,Female_likely__train__mouse001,annotator3,public_data/calms21_task2_converted_nas/CalMS21/Female_likely/task2_annotator3_train_mouse001/Manual_Scoring_annotator3.csv
other,17286,0.7115922937592624,Female_likely,train,001,Female_likely__train__mouse001,annotator4,public_data/calms21_task2_converted_nas/CalMS21/Female_likely/task2_annotator3_train_mouse001/Manual_Scoring_annotator4.csv
investigation,4275,0.17598386300016466,Female_likely,train,001,Female_likely__train__mouse001,annotator4,public_data/calms21_task2_converted_nas/CalMS21/Female_likely/task2_annotator3_train_mouse001/Manual_Scoring_annotator4.csv
mount,2731,0.11242384324057303,Female_likely,train,001,Female_likely__train__mouse001,annotator4,public_data/calms21_task2_converted_nas/CalMS21/Female_likely/task2_annotator3_train_mouse001/Manual_Scoring_annotator4.csv
other,3558,0.5357626863424183,Female_likely,train,005,Female_likely__train__mouse005,annotator3,public_data/calms21_task2_converted_nas/CalMS21/Female_likely/task2_annotator3_train_mouse005/Manual_Scoring_annotator3.csv
investigation,2305,0.3470862821864177,Female_likely,train,005,Female_likely__train__mouse005,annotator3,public_data/calms21_task2_converted_nas/CalMS21/Female_likely/task2_annotator3_train_mouse005/Manual_Scoring_annotator3.csv
mount,778,0.11715103147116399,Female_likely,train,005,Female_likely__train__mouse005,annotator3,public_data/calms21_task2_converted_nas/CalMS21/Female_likely/task2_annotator3_train_mouse005/Manual_Scoring_annotator3.csv
other,3448,0.5191989158259298,Female_likely,train,005,Female_likely__train__mouse005,annotator4,public_data/calms21_task2_converted_nas/CalMS21/Female_likely/task2_annotator3_train_mouse005/Manual_Scoring_annotator4.csv
investigation,2817,0.4241831049540732,Female_likely,train,005,Female_likely__train__mouse005,annotator4,public_data/calms21_task2_converted_nas/CalMS21/Female_likely/task2_annotator3_train_mouse005/Manual_Scoring_annotator4.csv
mount,376,0.05661797921999699,Female_likely,train,005,Female_likely__train__mouse005,annotator4,public_data/calms21_task2_converted_nas/CalMS21/Female_likely/task2_annotator3_train_mouse005/Manual_Scoring_annotator4.csv
other,7887,0.42298616325217203,Female_likely,train,007,Female_likely__train__mouse007,annotator3,public_data/calms21_task2_converted_nas/CalMS21/Female_likely/task2_annotator3_train_mouse007/Manual_Scoring_annotator3.csv
mount,6498,0.34849297436447496,Female_likely,train,007,Female_likely__train__mouse007,annotator3,public_data/calms21_task2_converted_nas/CalMS21/Female_likely/task2_annotator3_train_mouse007/Manual_Scoring_annotator3.csv
investigation,4261,0.228520862383353,Female_likely,train,007,Female_likely__train__mouse007,annotator3,public_data/calms21_task2_converted_nas/CalMS21/Female_likely/task2_annotator3_train_mouse007/Manual_Scoring_annotator3.csv
other,7754,0.41585326611605705,Female_likely,train,007,Female_likely__train__mouse007,annotator4,public_data/calms21_task2_converted_nas/CalMS21/Female_likely/task2_annotator3_train_mouse007/Manual_Scoring_annotator4.csv
mount,6481,0.3475812506703851,Female_likely,train,007,Female_likely__train__mouse007,annotator4,public_data/calms21_task2_converted_nas/CalMS21/Female_likely/task2_annotator3_train_mouse007/Manual_Scoring_annotator4.csv
investigation,4411,0.23656548321355786,Female_likely,train,007,Female_likely__train__mouse007,annotator4,public_data/calms21_task2_converted_nas/CalMS21/Female_likely/task2_annotator3_train_mouse007/Manual_Scoring_annotator4.csv
other,14226,0.7368312011187652,Female_likely,test,008,Female_likely__test__mouse008,annotator4,public_data/calms21_task2_converted_nas/CalMS21/Female_likely/task2_annotator4_test_mouse008/Manual_Scoring_annotator4.csv
investigation,3361,0.1740819391930388,Female_likely,test,008,Female_likely__test__mouse008,annotator4,public_data/calms21_task2_converted_nas/CalMS21/Female_likely/task2_annotator4_test_mouse008/Manual_Scoring_annotator4.csv
mount,1720,0.08908685968819599,Female_likely,test,008,Female_likely__test__mouse008,annotator4,public_data/calms21_task2_converted_nas/CalMS21/Female_likely/task2_annotator4_test_mouse008/Manual_Scoring_annotator4.csv
other,7762,0.3952540991954374,Female_likely,test,010,Female_likely__test__mouse010,annotator4,public_data/calms21_task2_converted_nas/CalMS21/Female_likely/task2_annotator4_test_mouse010/Manual_Scoring_annotator4.csv
investigation,6852,0.3489153681637641,Female_likely,test,010,Female_likely__test__mouse010,annotator4,public_data/calms21_task2_converted_nas/CalMS21/Female_likely/task2_annotator4_test_mouse010/Manual_Scoring_annotator4.csv
mount,5024,0.25583053264079847,Female_likely,test,010,Female_likely__test__mouse010,annotator4,public_data/calms21_task2_converted_nas/CalMS21/Female_likely/task2_annotator4_test_mouse010/Manual_Scoring_annotator4.csv
other,17286,0.7115922937592624,Female_likely,train,001,Female_likely__train__mouse001,annotator4,public_data/calms21_task2_converted_nas/CalMS21/Female_likely/task2_annotator4_train_mouse001/Manual_Scoring_annotator4.csv
investigation,4275,0.17598386300016466,Female_likely,train,001,Female_likely__train__mouse001,annotator4,public_data/calms21_task2_converted_nas/CalMS21/Female_likely/task2_annotator4_train_mouse001/Manual_Scoring_annotator4.csv
mount,2731,0.11242384324057303,Female_likely,train,001,Female_likely__train__mouse001,annotator4,public_data/calms21_task2_converted_nas/CalMS21/Female_likely/task2_annotator4_train_mouse001/Manual_Scoring_annotator4.csv
other,3558,0.5357626863424183,Female_likely,train,005,Female_likely__train__mouse005,annotator3,public_data/calms21_task2_converted_nas/CalMS21/Female_likely/task2_annotator4_train_mouse005/Manual_Scoring_annotator3.csv
investigation,2305,0.3470862821864177,Female_likely,train,005,Female_likely__train__mouse005,annotator3,public_data/calms21_task2_converted_nas/CalMS21/Female_likely/task2_annotator4_train_mouse005/Manual_Scoring_annotator3.csv
mount,778,0.11715103147116399,Female_likely,train,005,Female_likely__train__mouse005,annotator3,public_data/calms21_task2_converted_nas/CalMS21/Female_likely/task2_annotator4_train_mouse005/Manual_Scoring_annotator3.csv
other,7754,0.41585326611605705,Female_likely,train,007,Female_likely__train__mouse007,annotator4,public_data/calms21_task2_converted_nas/CalMS21/Female_likely/task2_annotator4_train_mouse007/Manual_Scoring_annotator4.csv
mount,6481,0.3475812506703851,Female_likely,train,007,Female_likely__train__mouse007,annotator4,public_data/calms21_task2_converted_nas/CalMS21/Female_likely/task2_annotator4_train_mouse007/Manual_Scoring_annotator4.csv
investigation,4411,0.23656548321355786,Female_likely,train,007,Female_likely__train__mouse007,annotator4,public_data/calms21_task2_converted_nas/CalMS21/Female_likely/task2_annotator4_train_mouse007/Manual_Scoring_annotator4.csv
other,11294,0.6159131810001636,Female_likely,test,021,Female_likely__test__mouse021,annotator5,public_data/calms21_task2_converted_nas/CalMS21/Female_likely/task2_annotator5_test_mouse021/Manual_Scoring_annotator5.csv
investigation,6637,0.3619457926596499,Female_likely,test,021,Female_likely__test__mouse021,annotator5,public_data/calms21_task2_converted_nas/CalMS21/Female_likely/task2_annotator5_test_mouse021/Manual_Scoring_annotator5.csv
mount,406,0.02214102634018651,Female_likely,test,021,Female_likely__test__mouse021,annotator5,public_data/calms21_task2_converted_nas/CalMS21/Female_likely/task2_annotator5_test_mouse021/Manual_Scoring_annotator5.csv
other,11228,0.625585023400936,Female_likely,train,002,Female_likely__train__mouse002,annotator5,public_data/calms21_task2_converted_nas/CalMS21/Female_likely/task2_annotator5_train_mouse002/Manual_Scoring_annotator5.csv
investigation,6197,0.3452752395810118,Female_likely,train,002,Female_likely__train__mouse002,annotator5,public_data/calms21_task2_converted_nas/CalMS21/Female_likely/task2_annotator5_train_mouse002/Manual_Scoring_annotator5.csv
mount,523,0.02913973701805215,Female_likely,train,002,Female_likely__train__mouse002,annotator5,public_data/calms21_task2_converted_nas/CalMS21/Female_likely/task2_annotator5_train_mouse002/Manual_Scoring_annotator5.csv
other,5219,0.5402132284442605,Female_likely,train,024,Female_likely__train__mouse024,annotator5,public_data/calms21_task2_converted_nas/CalMS21/Female_likely/task2_annotator5_train_mouse024/Manual_Scoring_annotator5.csv
investigation,4330,0.4481937687609978,Female_likely,train,024,Female_likely__train__mouse024,annotator5,public_data/calms21_task2_converted_nas/CalMS21/Female_likely/task2_annotator5_train_mouse024/Manual_Scoring_annotator5.csv
mount,112,0.011593002794741744,Female_likely,train,024,Female_likely__train__mouse024,annotator5,public_data/calms21_task2_converted_nas/CalMS21/Female_likely/task2_annotator5_train_mouse024/Manual_Scoring_annotator5.csv
other,8227,0.7815884476534296,Female_likely,train,025,Female_likely__train__mouse025,annotator5,public_data/calms21_task2_converted_nas/CalMS21/Female_likely/task2_annotator5_train_mouse025/Manual_Scoring_annotator5.csv
investigation,1985,0.1885806574197226,Female_likely,train,025,Female_likely__train__mouse025,annotator5,public_data/calms21_task2_converted_nas/CalMS21/Female_likely/task2_annotator5_train_mouse025/Manual_Scoring_annotator5.csv
mount,314,0.029830894926847807,Female_likely,train,025,Female_likely__train__mouse025,annotator5,public_data/calms21_task2_converted_nas/CalMS21/Female_likely/task2_annotator5_train_mouse025/Manual_Scoring_annotator5.csv
other,12042,0.6247470817120623,Male_likely,test,005,Male_likely__test__mouse005,annotator1,public_data/calms21_task2_converted_nas/CalMS21/Male_likely/task2_annotator1_test_mouse005/Manual_Scoring_annotator1.csv
investigation,5251,0.2724254215304799,Male_likely,test,005,Male_likely__test__mouse005,annotator1,public_data/calms21_task2_converted_nas/CalMS21/Male_likely/task2_annotator1_test_mouse005/Manual_Scoring_annotator1.csv
attack,1982,0.10282749675745785,Male_likely,test,005,Male_likely__test__mouse005,annotator1,public_data/calms21_task2_converted_nas/CalMS21/Male_likely/task2_annotator1_test_mouse005/Manual_Scoring_annotator1.csv
other,12000,0.6857926620185164,Male_likely,test,006,Male_likely__test__mouse006,annotator1,public_data/calms21_task2_converted_nas/CalMS21/Male_likely/task2_annotator1_test_mouse006/Manual_Scoring_annotator1.csv
investigation,4221,0.24122756886501315,Male_likely,test,006,Male_likely__test__mouse006,annotator1,public_data/calms21_task2_converted_nas/CalMS21/Male_likely/task2_annotator1_test_mouse006/Manual_Scoring_annotator1.csv
attack,1277,0.07297976911647046,Male_likely,test,006,Male_likely__test__mouse006,annotator1,public_data/calms21_task2_converted_nas/CalMS21/Male_likely/task2_annotator1_test_mouse006/Manual_Scoring_annotator1.csv
other,12846,0.7149376669634907,Male_likely,test,007,Male_likely__test__mouse007,annotator1,public_data/calms21_task2_converted_nas/CalMS21/Male_likely/task2_annotator1_test_mouse007/Manual_Scoring_annotator1.csv
investigation,3728,0.20747996438112198,Male_likely,test,007,Male_likely__test__mouse007,annotator1,public_data/calms21_task2_converted_nas/CalMS21/Male_likely/task2_annotator1_test_mouse007/Manual_Scoring_annotator1.csv
attack,1394,0.07758236865538735,Male_likely,test,007,Male_likely__test__mouse007,annotator1,public_data/calms21_task2_converted_nas/CalMS21/Male_likely/task2_annotator1_test_mouse007/Manual_Scoring_annotator1.csv
other,10024,0.5773860952710097,Male_likely,test,008,Male_likely__test__mouse008,annotator1,public_data/calms21_task2_converted_nas/CalMS21/Male_likely/task2_annotator1_test_mouse008/Manual_Scoring_annotator1.csv
investigation,5798,0.3339669373883993,Male_likely,test,008,Male_likely__test__mouse008,annotator1,public_data/calms21_task2_converted_nas/CalMS21/Male_likely/task2_annotator1_test_mouse008/Manual_Scoring_annotator1.csv
attack,1476,0.08501814411612234,Male_likely,test,008,Male_likely__test__mouse008,annotator1,public_data/calms21_task2_converted_nas/CalMS21/Male_likely/task2_annotator1_test_mouse008/Manual_Scoring_annotator1.csv
mount,63,0.0036288232244686366,Male_likely,test,008,Male_likely__test__mouse008,annotator1,public_data/calms21_task2_converted_nas/CalMS21/Male_likely/task2_annotator1_test_mouse008/Manual_Scoring_annotator1.csv
investigation,8619,0.5098189991718917,Male_likely,test,009,Male_likely__test__mouse009,annotator1,public_data/calms21_task2_converted_nas/CalMS21/Male_likely/task2_annotator1_test_mouse009/Manual_Scoring_annotator1.csv
other,7017,0.41505974210339525,Male_likely,test,009,Male_likely__test__mouse009,annotator1,public_data/calms21_task2_converted_nas/CalMS21/Male_likely/task2_annotator1_test_mouse009/Manual_Scoring_annotator1.csv
attack,1198,0.07086241571039867,Male_likely,test,009,Male_likely__test__mouse009,annotator1,public_data/calms21_task2_converted_nas/CalMS21/Male_likely/task2_annotator1_test_mouse009/Manual_Scoring_annotator1.csv
mount,72,0.004258843014314445,Male_likely,test,009,Male_likely__test__mouse009,annotator1,public_data/calms21_task2_converted_nas/CalMS21/Male_likely/task2_annotator1_test_mouse009/Manual_Scoring_annotator1.csv
other,14925,0.8374480978565818,Male_likely,test,010,Male_likely__test__mouse010,annotator1,public_data/calms21_task2_converted_nas/CalMS21/Male_likely/task2_annotator1_test_mouse010/Manual_Scoring_annotator1.csv
investigation,1577,0.08848614072494669,Male_likely,test,010,Male_likely__test__mouse010,annotator1,public_data/calms21_task2_converted_nas/CalMS21/Male_likely/task2_annotator1_test_mouse010/Manual_Scoring_annotator1.csv
attack,1320,0.07406576141847156,Male_likely,test,010,Male_likely__test__mouse010,annotator1,public_data/calms21_task2_converted_nas/CalMS21/Male_likely/task2_annotator1_test_mouse010/Manual_Scoring_annotator1.csv
other,11141,0.640913536213542,Male_likely,test,011,Male_likely__test__mouse011,annotator1,public_data/calms21_task2_converted_nas/CalMS21/Male_likely/task2_annotator1_test_mouse011/Manual_Scoring_annotator1.csv
investigation,4956,0.2851061381809814,Male_likely,test,011,Male_likely__test__mouse011,annotator1,public_data/calms21_task2_converted_nas/CalMS21/Male_likely/task2_annotator1_test_mouse011/Manual_Scoring_annotator1.csv
attack,1286,0.07398032560547661,Male_likely,test,011,Male_likely__test__mouse011,annotator1,public_data/calms21_task2_converted_nas/CalMS21/Male_likely/task2_annotator1_test_mouse011/Manual_Scoring_annotator1.csv
other,9538,0.5496455944217138,Male_likely,train,001,Male_likely__train__mouse001,annotator1,public_data/calms21_task2_converted_nas/CalMS21/Male_likely/task2_annotator1_train_mouse001/Manual_Scoring_annotator1.csv
investigation,7080,0.4079986169538408,Male_likely,train,001,Male_likely__train__mouse001,annotator1,public_data/calms21_task2_converted_nas/CalMS21/Male_likely/task2_annotator1_train_mouse001/Manual_Scoring_annotator1.csv
attack,735,0.04235578862444534,Male_likely,train,001,Male_likely__train__mouse001,annotator1,public_data/calms21_task2_converted_nas/CalMS21/Male_likely/task2_annotator1_train_mouse001/Manual_Scoring_annotator1.csv
other,11611,0.6667240884295148,Male_likely,train,002,Male_likely__train__mouse002,annotator1,public_data/calms21_task2_converted_nas/CalMS21/Male_likely/task2_annotator1_train_mouse002/Manual_Scoring_annotator1.csv
investigation,3979,0.22848119437266723,Male_likely,train,002,Male_likely__train__mouse002,annotator1,public_data/calms21_task2_converted_nas/CalMS21/Male_likely/task2_annotator1_train_mouse002/Manual_Scoring_annotator1.csv
attack,1825,0.10479471719781798,Male_likely,train,002,Male_likely__train__mouse002,annotator1,public_data/calms21_task2_converted_nas/CalMS21/Male_likely/task2_annotator1_train_mouse002/Manual_Scoring_annotator1.csv
other,11016,0.6325581395348837,Male_likely,train,012,Male_likely__train__mouse012,annotator1,public_data/calms21_task2_converted_nas/CalMS21/Male_likely/task2_annotator1_train_mouse012/Manual_Scoring_annotator1.csv
investigation,4442,0.25506747057134654,Male_likely,train,012,Male_likely__train__mouse012,annotator1,public_data/calms21_task2_converted_nas/CalMS21/Male_likely/task2_annotator1_train_mouse012/Manual_Scoring_annotator1.csv
attack,1957,0.11237438989376974,Male_likely,train,012,Male_likely__train__mouse012,annotator1,public_data/calms21_task2_converted_nas/CalMS21/Male_likely/task2_annotator1_train_mouse012/Manual_Scoring_annotator1.csv
other,24752,0.9163334814156671,Male_likely,test,006,Male_likely__test__mouse006,annotator2,public_data/calms21_task2_converted_nas/CalMS21/Male_likely/task2_annotator2_test_mouse006/Manual_Scoring_annotator2.csv
attack,1699,0.06289797127202724,Male_likely,test,006,Male_likely__test__mouse006,annotator2,public_data/calms21_task2_converted_nas/CalMS21/Male_likely/task2_annotator2_test_mouse006/Manual_Scoring_annotator2.csv
investigation,561,0.02076854731230564,Male_likely,test,006,Male_likely__test__mouse006,annotator2,public_data/calms21_task2_converted_nas/CalMS21/Male_likely/task2_annotator2_test_mouse006/Manual_Scoring_annotator2.csv
other,16697,0.5695524628189385,Male_likely,test,008,Male_likely__test__mouse008,annotator2,public_data/calms21_task2_converted_nas/CalMS21/Male_likely/task2_annotator2_test_mouse008/Manual_Scoring_annotator2.csv
investigation,12054,0.41117478510028654,Male_likely,test,008,Male_likely__test__mouse008,annotator2,public_data/calms21_task2_converted_nas/CalMS21/Male_likely/task2_annotator2_test_mouse008/Manual_Scoring_annotator2.csv
attack,565,0.019272752080775002,Male_likely,test,008,Male_likely__test__mouse008,annotator2,public_data/calms21_task2_converted_nas/CalMS21/Male_likely/task2_annotator2_test_mouse008/Manual_Scoring_annotator2.csv
other,23385,0.8558723419829448,Male_likely,test,009,Male_likely__test__mouse009,annotator2,public_data/calms21_task2_converted_nas/CalMS21/Male_likely/task2_annotator2_test_mouse009/Manual_Scoring_annotator2.csv
investigation,1972,0.0721736266149398,Male_likely,test,009,Male_likely__test__mouse009,annotator2,public_data/calms21_task2_converted_nas/CalMS21/Male_likely/task2_annotator2_test_mouse009/Manual_Scoring_annotator2.csv
attack,1909,0.06986787688028401,Male_likely,test,009,Male_likely__test__mouse009,annotator2,public_data/calms21_task2_converted_nas/CalMS21/Male_likely/task2_annotator2_test_mouse009/Manual_Scoring_annotator2.csv
mount,57,0.002086154521831424,Male_likely,test,009,Male_likely__test__mouse009,annotator2,public_data/calms21_task2_converted_nas/CalMS21/Male_likely/task2_annotator2_test_mouse009/Manual_Scoring_annotator2.csv
other,15473,0.7166411930897133,Male_likely,train,004,Male_likely__train__mouse004,annotator2,public_data/calms21_task2_converted_nas/CalMS21/Male_likely/task2_annotator2_train_mouse004/Manual_Scoring_annotator2.csv
attack,3364,0.1558056597656431,Male_likely,train,004,Male_likely__train__mouse004,annotator2,public_data/calms21_task2_converted_nas/CalMS21/Male_likely/task2_annotator2_train_mouse004/Manual_Scoring_annotator2.csv
investigation,2605,0.12065212357000601,Male_likely,train,004,Male_likely__train__mouse004,annotator2,public_data/calms21_task2_converted_nas/CalMS21/Male_likely/task2_annotator2_train_mouse004/Manual_Scoring_annotator2.csv
mount,149,0.006901023574637581,Male_likely,train,004,Male_likely__train__mouse004,annotator2,public_data/calms21_task2_converted_nas/CalMS21/Male_likely/task2_annotator2_train_mouse004/Manual_Scoring_annotator2.csv
other,20748,0.7562602515035538,Male_likely,train,007,Male_likely__train__mouse007,annotator2,public_data/calms21_task2_converted_nas/CalMS21/Male_likely/task2_annotator2_train_mouse007/Manual_Scoring_annotator2.csv
investigation,4603,0.16777838527428468,Male_likely,train,007,Male_likely__train__mouse007,annotator2,public_data/calms21_task2_converted_nas/CalMS21/Male_likely/task2_annotator2_train_mouse007/Manual_Scoring_annotator2.csv
attack,2054,0.07486786950975031,Male_likely,train,007,Male_likely__train__mouse007,annotator2,public_data/calms21_task2_converted_nas/CalMS21/Male_likely/task2_annotator2_train_mouse007/Manual_Scoring_annotator2.csv
mount,30,0.0010934937124111536,Male_likely,train,007,Male_likely__train__mouse007,annotator2,public_data/calms21_task2_converted_nas/CalMS21/Male_likely/task2_annotator2_train_mouse007/Manual_Scoring_annotator2.csv
other,11548,0.643880680234179,Male_likely,test,003,Male_likely__test__mouse003,annotator3,public_data/calms21_task2_converted_nas/CalMS21/Male_likely/task2_annotator3_test_mouse003/Manual_Scoring_annotator3.csv
investigation,5750,0.3206021745190967,Male_likely,test,003,Male_likely__test__mouse003,annotator3,public_data/calms21_task2_converted_nas/CalMS21/Male_likely/task2_annotator3_test_mouse003/Manual_Scoring_annotator3.csv
attack,637,0.03551714524672428,Male_likely,test,003,Male_likely__test__mouse003,annotator3,public_data/calms21_task2_converted_nas/CalMS21/Male_likely/task2_annotator3_test_mouse003/Manual_Scoring_annotator3.csv
other,10548,0.5881237803178143,Male_likely,test,003,Male_likely__test__mouse003,annotator4,public_data/calms21_task2_converted_nas/CalMS21/Male_likely/task2_annotator3_test_mouse003/Manual_Scoring_annotator4.csv
investigation,6763,0.37708391413437414,Male_likely,test,003,Male_likely__test__mouse003,annotator4,public_data/calms21_task2_converted_nas/CalMS21/Male_likely/task2_annotator3_test_mouse003/Manual_Scoring_annotator4.csv
attack,624,0.03479230554781154,Male_likely,test,003,Male_likely__test__mouse003,annotator4,public_data/calms21_task2_converted_nas/CalMS21/Male_likely/task2_annotator3_test_mouse003/Manual_Scoring_annotator4.csv
other,16096,0.796871132234269,Male_likely,test,009,Male_likely__test__mouse009,annotator3,public_data/calms21_task2_converted_nas/CalMS21/Male_likely/task2_annotator3_test_mouse009/Manual_Scoring_annotator3.csv
attack,3424,0.16951334224466558,Male_likely,test,009,Male_likely__test__mouse009,annotator3,public_data/calms21_task2_converted_nas/CalMS21/Male_likely/task2_annotator3_test_mouse009/Manual_Scoring_annotator3.csv
investigation,679,0.0336155255210654,Male_likely,test,009,Male_likely__test__mouse009,annotator3,public_data/calms21_task2_converted_nas/CalMS21/Male_likely/task2_annotator3_test_mouse009/Manual_Scoring_annotator3.csv
other,15350,0.759938610822318,Male_likely,test,009,Male_likely__test__mouse009,annotator4,public_data/calms21_task2_converted_nas/CalMS21/Male_likely/task2_annotator3_test_mouse009/Manual_Scoring_annotator4.csv
attack,4713,0.2333283825931977,Male_likely,test,009,Male_likely__test__mouse009,annotator4,public_data/calms21_task2_converted_nas/CalMS21/Male_likely/task2_annotator3_test_mouse009/Manual_Scoring_annotator4.csv
investigation,136,0.006733006584484381,Male_likely,test,009,Male_likely__test__mouse009,annotator4,public_data/calms21_task2_converted_nas/CalMS21/Male_likely/task2_annotator3_test_mouse009/Manual_Scoring_annotator4.csv
other,15506,0.8382981023949829,Male_likely,train,002,Male_likely__train__mouse002,annotator3,public_data/calms21_task2_converted_nas/CalMS21/Male_likely/task2_annotator3_train_mouse002/Manual_Scoring_annotator3.csv
investigation,1515,0.0819051738119695,Male_likely,train,002,Male_likely__train__mouse002,annotator3,public_data/calms21_task2_converted_nas/CalMS21/Male_likely/task2_annotator3_train_mouse002/Manual_Scoring_annotator3.csv
attack,1426,0.07709358274314754,Male_likely,train,002,Male_likely__train__mouse002,annotator3,public_data/calms21_task2_converted_nas/CalMS21/Male_likely/task2_annotator3_train_mouse002/Manual_Scoring_annotator3.csv
mount,50,0.002703141049899984,Male_likely,train,002,Male_likely__train__mouse002,annotator3,public_data/calms21_task2_converted_nas/CalMS21/Male_likely/task2_annotator3_train_mouse002/Manual_Scoring_annotator3.csv
other,15108,0.8167810996377791,Male_likely,train,002,Male_likely__train__mouse002,annotator4,public_data/calms21_task2_converted_nas/CalMS21/Male_likely/task2_annotator3_train_mouse002/Manual_Scoring_annotator4.csv
attack,1985,0.10731469968102936,Male_likely,train,002,Male_likely__train__mouse002,annotator4,public_data/calms21_task2_converted_nas/CalMS21/Male_likely/task2_annotator3_train_mouse002/Manual_Scoring_annotator4.csv
investigation,1404,0.07590420068119154,Male_likely,train,002,Male_likely__train__mouse002,annotator4,public_data/calms21_task2_converted_nas/CalMS21/Male_likely/task2_annotator3_train_mouse002/Manual_Scoring_annotator4.csv
other,16493,0.850636959100521,Male_likely,train,004,Male_likely__train__mouse004,annotator3,public_data/calms21_task2_converted_nas/CalMS21/Male_likely/task2_annotator3_train_mouse004/Manual_Scoring_annotator3.csv
attack,1989,0.10258393934705246,Male_likely,train,004,Male_likely__train__mouse004,annotator3,public_data/calms21_task2_converted_nas/CalMS21/Male_likely/task2_annotator3_train_mouse004/Manual_Scoring_annotator3.csv
investigation,907,0.046779101552426636,Male_likely,train,004,Male_likely__train__mouse004,annotator3,public_data/calms21_task2_converted_nas/CalMS21/Male_likely/task2_annotator3_train_mouse004/Manual_Scoring_annotator3.csv
other,16077,0.8291814946619217,Male_likely,train,004,Male_likely__train__mouse004,annotator4,public_data/calms21_task2_converted_nas/CalMS21/Male_likely/task2_annotator3_train_mouse004/Manual_Scoring_annotator4.csv
attack,2714,0.13997627520759193,Male_likely,train,004,Male_likely__train__mouse004,annotator4,public_data/calms21_task2_converted_nas/CalMS21/Male_likely/task2_annotator3_train_mouse004/Manual_Scoring_annotator4.csv
investigation,598,0.03084223013048636,Male_likely,train,004,Male_likely__train__mouse004,annotator4,public_data/calms21_task2_converted_nas/CalMS21/Male_likely/task2_annotator3_train_mouse004/Manual_Scoring_annotator4.csv
other,13615,0.6822851415685292,Male_likely,train,006,Male_likely__train__mouse006,annotator3,public_data/calms21_task2_converted_nas/CalMS21/Male_likely/task2_annotator3_train_mouse006/Manual_Scoring_annotator3.csv
attack,5276,0.264394888499123,Male_likely,train,006,Male_likely__train__mouse006,annotator3,public_data/calms21_task2_converted_nas/CalMS21/Male_likely/task2_annotator3_train_mouse006/Manual_Scoring_annotator3.csv
investigation,1064,0.053319969932347784,Male_likely,train,006,Male_likely__train__mouse006,annotator3,public_data/calms21_task2_converted_nas/CalMS21/Male_likely/task2_annotator3_train_mouse006/Manual_Scoring_annotator3.csv
other,11459,0.5742420446003508,Male_likely,train,006,Male_likely__train__mouse006,annotator4,public_data/calms21_task2_converted_nas/CalMS21/Male_likely/task2_annotator3_train_mouse006/Manual_Scoring_annotator4.csv
attack,8185,0.41017288900025056,Male_likely,train,006,Male_likely__train__mouse006,annotator4,public_data/calms21_task2_converted_nas/CalMS21/Male_likely/task2_annotator3_train_mouse006/Manual_Scoring_annotator4.csv
investigation,311,0.015585066399398648,Male_likely,train,006,Male_likely__train__mouse006,annotator4,public_data/calms21_task2_converted_nas/CalMS21/Male_likely/task2_annotator3_train_mouse006/Manual_Scoring_annotator4.csv
other,10548,0.5881237803178143,Male_likely,test,003,Male_likely__test__mouse003,annotator4,public_data/calms21_task2_converted_nas/CalMS21/Male_likely/task2_annotator4_test_mouse003/Manual_Scoring_annotator4.csv
investigation,6763,0.37708391413437414,Male_likely,test,003,Male_likely__test__mouse003,annotator4,public_data/calms21_task2_converted_nas/CalMS21/Male_likely/task2_annotator4_test_mouse003/Manual_Scoring_annotator4.csv
attack,624,0.03479230554781154,Male_likely,test,003,Male_likely__test__mouse003,annotator4,public_data/calms21_task2_converted_nas/CalMS21/Male_likely/task2_annotator4_test_mouse003/Manual_Scoring_annotator4.csv
other,15350,0.759938610822318,Male_likely,test,009,Male_likely__test__mouse009,annotator4,public_data/calms21_task2_converted_nas/CalMS21/Male_likely/task2_annotator4_test_mouse009/Manual_Scoring_annotator4.csv
attack,4713,0.2333283825931977,Male_likely,test,009,Male_likely__test__mouse009,annotator4,public_data/calms21_task2_converted_nas/CalMS21/Male_likely/task2_annotator4_test_mouse009/Manual_Scoring_annotator4.csv
investigation,136,0.006733006584484381,Male_likely,test,009,Male_likely__test__mouse009,annotator4,public_data/calms21_task2_converted_nas/CalMS21/Male_likely/task2_annotator4_test_mouse009/Manual_Scoring_annotator4.csv
other,15108,0.8167810996377791,Male_likely,train,002,Male_likely__train__mouse002,annotator4,public_data/calms21_task2_converted_nas/CalMS21/Male_likely/task2_annotator4_train_mouse002/Manual_Scoring_annotator4.csv
attack,1985,0.10731469968102936,Male_likely,train,002,Male_likely__train__mouse002,annotator4,public_data/calms21_task2_converted_nas/CalMS21/Male_likely/task2_annotator4_train_mouse002/Manual_Scoring_annotator4.csv
investigation,1404,0.07590420068119154,Male_likely,train,002,Male_likely__train__mouse002,annotator4,public_data/calms21_task2_converted_nas/CalMS21/Male_likely/task2_annotator4_train_mouse002/Manual_Scoring_annotator4.csv
other,16077,0.8291814946619217,Male_likely,train,004,Male_likely__train__mouse004,annotator4,public_data/calms21_task2_converted_nas/CalMS21/Male_likely/task2_annotator4_train_mouse004/Manual_Scoring_annotator4.csv
attack,2714,0.13997627520759193,Male_likely,train,004,Male_likely__train__mouse004,annotator4,public_data/calms21_task2_converted_nas/CalMS21/Male_likely/task2_annotator4_train_mouse004/Manual_Scoring_annotator4.csv
investigation,598,0.03084223013048636,Male_likely,train,004,Male_likely__train__mouse004,annotator4,public_data/calms21_task2_converted_nas/CalMS21/Male_likely/task2_annotator4_train_mouse004/Manual_Scoring_annotator4.csv
other,11459,0.5742420446003508,Male_likely,train,006,Male_likely__train__mouse006,annotator4,public_data/calms21_task2_converted_nas/CalMS21/Male_likely/task2_annotator4_train_mouse006/Manual_Scoring_annotator4.csv
attack,8185,0.41017288900025056,Male_likely,train,006,Male_likely__train__mouse006,annotator4,public_data/calms21_task2_converted_nas/CalMS21/Male_likely/task2_annotator4_train_mouse006/Manual_Scoring_annotator4.csv
investigation,311,0.015585066399398648,Male_likely,train,006,Male_likely__train__mouse006,annotator4,public_data/calms21_task2_converted_nas/CalMS21/Male_likely/task2_annotator4_train_mouse006/Manual_Scoring_annotator4.csv
other,15707,0.815016604400166,Male_likely,test,003,Male_likely__test__mouse003,annotator5,public_data/calms21_task2_converted_nas/CalMS21/Male_likely/task2_annotator5_test_mouse003/Manual_Scoring_annotator5.csv
investigation,2899,0.15042548775425488,Male_likely,test,003,Male_likely__test__mouse003,annotator5,public_data/calms21_task2_converted_nas/CalMS21/Male_likely/task2_annotator5_test_mouse003/Manual_Scoring_annotator5.csv
attack,666,0.03455790784557908,Male_likely,test,003,Male_likely__test__mouse003,annotator5,public_data/calms21_task2_converted_nas/CalMS21/Male_likely/task2_annotator5_test_mouse003/Manual_Scoring_annotator5.csv
other,13117,0.7123384381448897,Male_likely,test,010,Male_likely__test__mouse010,annotator5,public_data/calms21_task2_converted_nas/CalMS21/Male_likely/task2_annotator5_test_mouse010/Manual_Scoring_annotator5.csv
investigation,5005,0.27180406212664276,Male_likely,test,010,Male_likely__test__mouse010,annotator5,public_data/calms21_task2_converted_nas/CalMS21/Male_likely/task2_annotator5_test_mouse010/Manual_Scoring_annotator5.csv
attack,292,0.01585749972846747,Male_likely,test,010,Male_likely__test__mouse010,annotator5,public_data/calms21_task2_converted_nas/CalMS21/Male_likely/task2_annotator5_test_mouse010/Manual_Scoring_annotator5.csv
other,17109,0.9109738565571588,Male_likely,test,011,Male_likely__test__mouse011,annotator5,public_data/calms21_task2_converted_nas/CalMS21/Male_likely/task2_annotator5_test_mouse011/Manual_Scoring_annotator5.csv
investigation,997,0.0530855651988712,Male_likely,test,011,Male_likely__test__mouse011,annotator5,public_data/calms21_task2_converted_nas/CalMS21/Male_likely/task2_annotator5_test_mouse011/Manual_Scoring_annotator5.csv
attack,675,0.03594057824396997,Male_likely,test,011,Male_likely__test__mouse011,annotator5,public_data/calms21_task2_converted_nas/CalMS21/Male_likely/task2_annotator5_test_mouse011/Manual_Scoring_annotator5.csv
other,14212,0.7834619625137818,Male_likely,test,012,Male_likely__test__mouse012,annotator5,public_data/calms21_task2_converted_nas/CalMS21/Male_likely/task2_annotator5_test_mouse012/Manual_Scoring_annotator5.csv
investigation,3396,0.18721058434399118,Male_likely,test,012,Male_likely__test__mouse012,annotator5,public_data/calms21_task2_converted_nas/CalMS21/Male_likely/task2_annotator5_test_mouse012/Manual_Scoring_annotator5.csv
attack,532,0.029327453142227122,Male_likely,test,012,Male_likely__test__mouse012,annotator5,public_data/calms21_task2_converted_nas/CalMS21/Male_likely/task2_annotator5_test_mouse012/Manual_Scoring_annotator5.csv
other,15327,0.8494236311239193,Male_likely,test,014,Male_likely__test__mouse014,annotator5,public_data/calms21_task2_converted_nas/CalMS21/Male_likely/task2_annotator5_test_mouse014/Manual_Scoring_annotator5.csv
investigation,1407,0.07797605852360896,Male_likely,test,014,Male_likely__test__mouse014,annotator5,public_data/calms21_task2_converted_nas/CalMS21/Male_likely/task2_annotator5_test_mouse014/Manual_Scoring_annotator5.csv
attack,1310,0.07260031035247173,Male_likely,test,014,Male_likely__test__mouse014,annotator5,public_data/calms21_task2_converted_nas/CalMS21/Male_likely/task2_annotator5_test_mouse014/Manual_Scoring_annotator5.csv
other,15585,0.8442121228535833,Male_likely,test,016,Male_likely__test__mouse016,annotator5,public_data/calms21_task2_converted_nas/CalMS21/Male_likely/task2_annotator5_test_mouse016/Manual_Scoring_annotator5.csv
attack,2120,0.11483668273657982,Male_likely,test,016,Male_likely__test__mouse016,annotator5,public_data/calms21_task2_converted_nas/CalMS21/Male_likely/task2_annotator5_test_mouse016/Manual_Scoring_annotator5.csv
investigation,756,0.04095119440983695,Male_likely,test,016,Male_likely__test__mouse016,annotator5,public_data/calms21_task2_converted_nas/CalMS21/Male_likely/task2_annotator5_test_mouse016/Manual_Scoring_annotator5.csv
other,11004,0.6215895610913404,Male_likely,test,019,Male_likely__test__mouse019,annotator5,public_data/calms21_task2_converted_nas/CalMS21/Male_likely/task2_annotator5_test_mouse019/Manual_Scoring_annotator5.csv
attack,3540,0.19996610743941703,Male_likely,test,019,Male_likely__test__mouse019,annotator5,public_data/calms21_task2_converted_nas/CalMS21/Male_likely/task2_annotator5_test_mouse019/Manual_Scoring_annotator5.csv
investigation,3159,0.1784443314692425,Male_likely,test,019,Male_likely__test__mouse019,annotator5,public_data/calms21_task2_converted_nas/CalMS21/Male_likely/task2_annotator5_test_mouse019/Manual_Scoring_annotator5.csv
other,15458,0.8611699164345404,Male_likely,test,022,Male_likely__test__mouse022,annotator5,public_data/calms21_task2_converted_nas/CalMS21/Male_likely/task2_annotator5_test_mouse022/Manual_Scoring_annotator5.csv
attack,1325,0.07381615598885793,Male_likely,test,022,Male_likely__test__mouse022,annotator5,public_data/calms21_task2_converted_nas/CalMS21/Male_likely/task2_annotator5_test_mouse022/Manual_Scoring_annotator5.csv
investigation,1167,0.06501392757660167,Male_likely,test,022,Male_likely__test__mouse022,annotator5,public_data/calms21_task2_converted_nas/CalMS21/Male_likely/task2_annotator5_test_mouse022/Manual_Scoring_annotator5.csv
other,11699,0.6534658995699045,Male_likely,test,023,Male_likely__test__mouse023,annotator5,public_data/calms21_task2_converted_nas/CalMS21/Male_likely/task2_annotator5_test_mouse023/Manual_Scoring_annotator5.csv
investigation,5826,0.32542032061665643,Male_likely,test,023,Male_likely__test__mouse023,annotator5,public_data/calms21_task2_converted_nas/CalMS21/Male_likely/task2_annotator5_test_mouse023/Manual_Scoring_annotator5.csv
attack,378,0.02111377981343909,Male_likely,test,023,Male_likely__test__mouse023,annotator5,public_data/calms21_task2_converted_nas/CalMS21/Male_likely/task2_annotator5_test_mouse023/Manual_Scoring_annotator5.csv
other,14328,0.7721491700797586,Male_likely,test,026,Male_likely__test__mouse026,annotator5,public_data/calms21_task2_converted_nas/CalMS21/Male_likely/task2_annotator5_test_mouse026/Manual_Scoring_annotator5.csv
investigation,3762,0.20273765897822807,Male_likely,test,026,Male_likely__test__mouse026,annotator5,public_data/calms21_task2_converted_nas/CalMS21/Male_likely/task2_annotator5_test_mouse026/Manual_Scoring_annotator5.csv
attack,466,0.025113170942013364,Male_likely,test,026,Male_likely__test__mouse026,annotator5,public_data/calms21_task2_converted_nas/CalMS21/Male_likely/task2_annotator5_test_mouse026/Manual_Scoring_annotator5.csv
other,11816,0.6540462747702868,Male_likely,train,001,Male_likely__train__mouse001,annotator5,public_data/calms21_task2_converted_nas/CalMS21/Male_likely/task2_annotator5_train_mouse001/Manual_Scoring_annotator5.csv
investigation,4815,0.2665227499169711,Male_likely,train,001,Male_likely__train__mouse001,annotator5,public_data/calms21_task2_converted_nas/CalMS21/Male_likely/task2_annotator5_train_mouse001/Manual_Scoring_annotator5.csv
attack,1435,0.07943097531274217,Male_likely,train,001,Male_likely__train__mouse001,annotator5,public_data/calms21_task2_converted_nas/CalMS21/Male_likely/task2_annotator5_train_mouse001/Manual_Scoring_annotator5.csv
other,14641,0.8018511419026234,Male_likely,train,007,Male_likely__train__mouse007,annotator5,public_data/calms21_task2_converted_nas/CalMS21/Male_likely/task2_annotator5_train_mouse007/Manual_Scoring_annotator5.csv
investigation,2959,0.16205706774741224,Male_likely,train,007,Male_likely__train__mouse007,annotator5,public_data/calms21_task2_converted_nas/CalMS21/Male_likely/task2_annotator5_train_mouse007/Manual_Scoring_annotator5.csv
attack,659,0.0360917903499644,Male_likely,train,007,Male_likely__train__mouse007,annotator5,public_data/calms21_task2_converted_nas/CalMS21/Male_likely/task2_annotator5_train_mouse007/Manual_Scoring_annotator5.csv
other,13105,0.7311833956368912,Male_likely,train,008,Male_likely__train__mouse008,annotator5,public_data/calms21_task2_converted_nas/CalMS21/Male_likely/task2_annotator5_train_mouse008/Manual_Scoring_annotator5.csv
investigation,4117,0.22970484851866316,Male_likely,train,008,Male_likely__train__mouse008,annotator5,public_data/calms21_task2_converted_nas/CalMS21/Male_likely/task2_annotator5_train_mouse008/Manual_Scoring_annotator5.csv
attack,701,0.039111755844445685,Male_likely,train,008,Male_likely__train__mouse008,annotator5,public_data/calms21_task2_converted_nas/CalMS21/Male_likely/task2_annotator5_train_mouse008/Manual_Scoring_annotator5.csv
investigation,18804,0.6935162646603231,Undetermined,test,005,Undetermined__test__mouse005,annotator2,public_data/calms21_task2_converted_nas/CalMS21/Undetermined/task2_annotator2_test_mouse005/Manual_Scoring_annotator2.csv
other,8310,0.30648373533967693,Undetermined,test,005,Undetermined__test__mouse005,annotator2,public_data/calms21_task2_converted_nas/CalMS21/Undetermined/task2_annotator2_test_mouse005/Manual_Scoring_annotator2.csv
other,22552,0.8487129309047118,Undetermined,test,010,Undetermined__test__mouse010,annotator2,public_data/calms21_task2_converted_nas/CalMS21/Undetermined/task2_annotator2_test_mouse010/Manual_Scoring_annotator2.csv
investigation,4020,0.15128706909528827,Undetermined,test,010,Undetermined__test__mouse010,annotator2,public_data/calms21_task2_converted_nas/CalMS21/Undetermined/task2_annotator2_test_mouse010/Manual_Scoring_annotator2.csv
other,12569,0.45993120608899296,Undetermined,train,001,Undetermined__train__mouse001,annotator2,public_data/calms21_task2_converted_nas/CalMS21/Undetermined/task2_annotator2_train_mouse001/Manual_Scoring_annotator2.csv
investigation,12406,0.45396662763466045,Undetermined,train,001,Undetermined__train__mouse001,annotator2,public_data/calms21_task2_converted_nas/CalMS21/Undetermined/task2_annotator2_train_mouse001/Manual_Scoring_annotator2.csv
attack,1735,0.06348799765807962,Undetermined,train,001,Undetermined__train__mouse001,annotator2,public_data/calms21_task2_converted_nas/CalMS21/Undetermined/task2_annotator2_train_mouse001/Manual_Scoring_annotator2.csv
mount,618,0.02261416861826698,Undetermined,train,001,Undetermined__train__mouse001,annotator2,public_data/calms21_task2_converted_nas/CalMS21/Undetermined/task2_annotator2_train_mouse001/Manual_Scoring_annotator2.csv
other,11971,0.673436093609361,Undetermined,test,004,Undetermined__test__mouse004,annotator5,public_data/calms21_task2_converted_nas/CalMS21/Undetermined/task2_annotator5_test_mouse004/Manual_Scoring_annotator5.csv
investigation,5805,0.3265639063906391,Undetermined,test,004,Undetermined__test__mouse004,annotator5,public_data/calms21_task2_converted_nas/CalMS21/Undetermined/task2_annotator5_test_mouse004/Manual_Scoring_annotator5.csv
other,12375,0.6889161053276179,Undetermined,test,005,Undetermined__test__mouse005,annotator5,public_data/calms21_task2_converted_nas/CalMS21/Undetermined/task2_annotator5_test_mouse005/Manual_Scoring_annotator5.csv
investigation,5584,0.3108612147191449,Undetermined,test,005,Undetermined__test__mouse005,annotator5,public_data/calms21_task2_converted_nas/CalMS21/Undetermined/task2_annotator5_test_mouse005/Manual_Scoring_annotator5.csv
mount,4,0.00022267995323720983,Undetermined,test,005,Undetermined__test__mouse005,annotator5,public_data/calms21_task2_converted_nas/CalMS21/Undetermined/task2_annotator5_test_mouse005/Manual_Scoring_annotator5.csv
other,12460,0.6898078945911532,Undetermined,test,006,Undetermined__test__mouse006,annotator5,public_data/calms21_task2_converted_nas/CalMS21/Undetermined/task2_annotator5_test_mouse006/Manual_Scoring_annotator5.csv
investigation,5603,0.31019210540884684,Undetermined,test,006,Undetermined__test__mouse006,annotator5,public_data/calms21_task2_converted_nas/CalMS21/Undetermined/task2_annotator5_test_mouse006/Manual_Scoring_annotator5.csv
other,14064,0.7760304585333554,Undetermined,test,009,Undetermined__test__mouse009,annotator5,public_data/calms21_task2_converted_nas/CalMS21/Undetermined/task2_annotator5_test_mouse009/Manual_Scoring_annotator5.csv
investigation,4059,0.2239695414666446,Undetermined,test,009,Undetermined__test__mouse009,annotator5,public_data/calms21_task2_converted_nas/CalMS21/Undetermined/task2_annotator5_test_mouse009/Manual_Scoring_annotator5.csv
other,14658,0.8317067635043123,Undetermined,test,013,Undetermined__test__mouse013,annotator5,public_data/calms21_task2_converted_nas/CalMS21/Undetermined/task2_annotator5_test_mouse013/Manual_Scoring_annotator5.csv
investigation,2966,0.1682932364956877,Undetermined,test,013,Undetermined__test__mouse013,annotator5,public_data/calms21_task2_converted_nas/CalMS21/Undetermined/task2_annotator5_test_mouse013/Manual_Scoring_annotator5.csv
other,13339,0.739043714333204,Undetermined,test,015,Undetermined__test__mouse015,annotator5,public_data/calms21_task2_converted_nas/CalMS21/Undetermined/task2_annotator5_test_mouse015/Manual_Scoring_annotator5.csv
investigation,4440,0.24599700814449554,Undetermined,test,015,Undetermined__test__mouse015,annotator5,public_data/calms21_task2_converted_nas/CalMS21/Undetermined/task2_annotator5_test_mouse015/Manual_Scoring_annotator5.csv
attack,182,0.010083661144661754,Undetermined,test,015,Undetermined__test__mouse015,annotator5,public_data/calms21_task2_converted_nas/CalMS21/Undetermined/task2_annotator5_test_mouse015/Manual_Scoring_annotator5.csv
mount,88,0.0048756163776386505,Undetermined,test,015,Undetermined__test__mouse015,annotator5,public_data/calms21_task2_converted_nas/CalMS21/Undetermined/task2_annotator5_test_mouse015/Manual_Scoring_annotator5.csv
other,11321,0.6318227480745618,Undetermined,test,017,Undetermined__test__mouse017,annotator5,public_data/calms21_task2_converted_nas/CalMS21/Undetermined/task2_annotator5_test_mouse017/Manual_Scoring_annotator5.csv
investigation,6585,0.36750753432302713,Undetermined,test,017,Undetermined__test__mouse017,annotator5,public_data/calms21_task2_converted_nas/CalMS21/Undetermined/task2_annotator5_test_mouse017/Manual_Scoring_annotator5.csv
mount,12,0.0006697176024109834,Undetermined,test,017,Undetermined__test__mouse017,annotator5,public_data/calms21_task2_converted_nas/CalMS21/Undetermined/task2_annotator5_test_mouse017/Manual_Scoring_annotator5.csv
other,12393,0.6860606731620903,Undetermined,test,018,Undetermined__test__mouse018,annotator5,public_data/calms21_task2_converted_nas/CalMS21/Undetermined/task2_annotator5_test_mouse018/Manual_Scoring_annotator5.csv
investigation,5651,0.3128321523472099,Undetermined,test,018,Undetermined__test__mouse018,annotator5,public_data/calms21_task2_converted_nas/CalMS21/Undetermined/task2_annotator5_test_mouse018/Manual_Scoring_annotator5.csv
mount,20,0.0011071744906997344,Undetermined,test,018,Undetermined__test__mouse018,annotator5,public_data/calms21_task2_converted_nas/CalMS21/Undetermined/task2_annotator5_test_mouse018/Manual_Scoring_annotator5.csv
other,12739,0.6752358740591541,Undetermined,test,020,Undetermined__test__mouse020,annotator5,public_data/calms21_task2_converted_nas/CalMS21/Undetermined/task2_annotator5_test_mouse020/Manual_Scoring_annotator5.csv
investigation,6127,0.32476412594084597,Undetermined,test,020,Undetermined__test__mouse020,annotator5,public_data/calms21_task2_converted_nas/CalMS21/Undetermined/task2_annotator5_test_mouse020/Manual_Scoring_annotator5.csv
