behavior,n_bouts,mean_bout_duration_s,median_bout_duration_s,total_duration_s,bout_rate_per_min,sex_group,split,mouse,record_key,annotator,file
investigation,127,2.094488188976378,0.7666666666666667,266.0,8.436358268443001,Female_likely,test,013,Female_likely__test__mouse013,annotator1,public_data/calms21_task2_converted_nas/CalMS21/Female_likely/task2_annotator1_test_mouse013/Manual_Scoring_annotator1.csv
mount,20,4.49,1.1666666666666665,89.8,1.3285603572351183,Female_likely,test,013,Female_likely__test__mouse013,annotator1,public_data/calms21_task2_converted_nas/CalMS21/Female_likely/task2_annotator1_test_mouse013/Manual_Scoring_annotator1.csv
other,110,4.9766666666666675,3.583333333333333,547.4333333333334,7.30708196479315,Female_likely,test,013,Female_likely__test__mouse013,annotator1,public_data/calms21_task2_converted_nas/CalMS21/Female_likely/task2_annotator1_test_mouse013/Manual_Scoring_annotator1.csv
investigation,99,1.7454545454545456,0.8,172.8,6.103784894673745,Female_likely,test,015,Female_likely__test__mouse015,annotator1,public_data/calms21_task2_converted_nas/CalMS21/Female_likely/task2_annotator1_test_mouse015/Manual_Scoring_annotator1.csv
mount,40,8.449166666666667,5.283333333333333,337.9666666666667,2.4661757150196952,Female_likely,test,015,Female_likely__test__mouse015,annotator1,public_data/calms21_task2_converted_nas/CalMS21/Female_likely/task2_annotator1_test_mouse015/Manual_Scoring_annotator1.csv
other,76,6.084210526315789,4.016666666666667,462.4,4.685733858537421,Female_likely,test,015,Female_likely__test__mouse015,annotator1,public_data/calms21_task2_converted_nas/CalMS21/Female_likely/task2_annotator1_test_mouse015/Manual_Scoring_annotator1.csv
investigation,75,3.132888888888889,1.3333333333333333,234.96666666666667,5.0423934560938255,Female_likely,test,016,Female_likely__test__mouse016,annotator1,public_data/calms21_task2_converted_nas/CalMS21/Female_likely/task2_annotator1_test_mouse016/Manual_Scoring_annotator1.csv
mount,21,4.2555555555555555,3.8666666666666667,89.36666666666666,1.4118701677062713,Female_likely,test,016,Female_likely__test__mouse016,annotator1,public_data/calms21_task2_converted_nas/CalMS21/Female_likely/task2_annotator1_test_mouse016/Manual_Scoring_annotator1.csv
other,59,9.628813559322035,5.766666666666667,568.1,3.966682852127143,Female_likely,test,016,Female_likely__test__mouse016,annotator1,public_data/calms21_task2_converted_nas/CalMS21/Female_likely/task2_annotator1_test_mouse016/Manual_Scoring_annotator1.csv
investigation,90,1.7133333333333332,0.8,154.2,6.1056043417630885,Female_likely,test,017,Female_likely__test__mouse017,annotator1,public_data/calms21_task2_converted_nas/CalMS21/Female_likely/task2_annotator1_test_mouse017/Manual_Scoring_annotator1.csv
mount,34,6.326470588235294,2.3666666666666667,215.1,2.306561640221611,Female_likely,test,017,Female_likely__test__mouse017,annotator1,public_data/calms21_task2_converted_nas/CalMS21/Female_likely/task2_annotator1_test_mouse017/Manual_Scoring_annotator1.csv
other,67,7.688557213930348,3.466666666666667,515.1333333333333,4.54528323220141,Female_likely,test,017,Female_likely__test__mouse017,annotator1,public_data/calms21_task2_converted_nas/CalMS21/Female_likely/task2_annotator1_test_mouse017/Manual_Scoring_annotator1.csv
investigation,93,1.6383512544802867,0.9666666666666667,152.36666666666667,6.253268584236085,Female_likely,test,018,Female_likely__test__mouse018,annotator1,public_data/calms21_task2_converted_nas/CalMS21/Female_likely/task2_annotator1_test_mouse018/Manual_Scoring_annotator1.csv
mount,26,9.17051282051282,7.4,238.43333333333334,1.7482256257004107,Female_likely,test,018,Female_likely__test__mouse018,annotator1,public_data/calms21_task2_converted_nas/CalMS21/Female_likely/task2_annotator1_test_mouse018/Manual_Scoring_annotator1.csv
other,71,7.063849765258216,2.2333333333333334,501.53333333333336,4.774000747104968,Female_likely,test,018,Female_likely__test__mouse018,annotator1,public_data/calms21_task2_converted_nas/CalMS21/Female_likely/task2_annotator1_test_mouse018/Manual_Scoring_annotator1.csv
investigation,83,1.7012048192771083,1.1666666666666667,141.2,5.695985359716345,Female_likely,test,019,Female_likely__test__mouse019,annotator1,public_data/calms21_task2_converted_nas/CalMS21/Female_likely/task2_annotator1_test_mouse019/Manual_Scoring_annotator1.csv
mount,24,9.963888888888889,6.833333333333334,239.13333333333333,1.6470319112432805,Female_likely,test,019,Female_likely__test__mouse019,annotator1,public_data/calms21_task2_converted_nas/CalMS21/Female_likely/task2_annotator1_test_mouse019/Manual_Scoring_annotator1.csv
other,67,7.372636815920398,5.033333333333333,493.96666666666664,4.597964085554158,Female_likely,test,019,Female_likely__test__mouse019,annotator1,public_data/calms21_task2_converted_nas/CalMS21/Female_likely/task2_annotator1_test_mouse019/Manual_Scoring_annotator1.csv
investigation,67,2.2318407960199003,1.0666666666666667,149.53333333333333,4.391682750081934,Female_likely,train,003,Female_likely__train__mouse003,annotator1,public_data/calms21_task2_converted_nas/CalMS21/Female_likely/task2_annotator1_train_mouse003/Manual_Scoring_annotator1.csv
mount,24,10.191666666666666,2.4166666666666665,244.6,1.5731400895815884,Female_likely,train,003,Female_likely__train__mouse003,annotator1,public_data/calms21_task2_converted_nas/CalMS21/Female_likely/task2_annotator1_train_mouse003/Manual_Scoring_annotator1.csv
other,55,9.476969696969697,4.8,521.2333333333333,3.60511270529114,Female_likely,train,003,Female_likely__train__mouse003,annotator1,public_data/calms21_task2_converted_nas/CalMS21/Female_likely/task2_annotator1_train_mouse003/Manual_Scoring_annotator1.csv
investigation,95,1.8305263157894738,0.9,173.9,5.470599526521211,Female_likely,train,004,Female_likely__train__mouse004,annotator1,public_data/calms21_task2_converted_nas/CalMS21/Female_likely/task2_annotator1_train_mouse004/Manual_Scoring_annotator1.csv
mount,16,20.275000000000002,22.083333333333336,324.40000000000003,0.9213641307825197,Female_likely,train,004,Female_likely__train__mouse004,annotator1,public_data/calms21_task2_converted_nas/CalMS21/Female_likely/task2_annotator1_train_mouse004/Manual_Scoring_annotator1.csv
other,88,6.177651515151515,3.4833333333333334,543.6333333333333,5.067502719303858,Female_likely,train,004,Female_likely__train__mouse004,annotator1,public_data/calms21_task2_converted_nas/CalMS21/Female_likely/task2_annotator1_train_mouse004/Manual_Scoring_annotator1.csv
investigation,83,1.3751004016064259,0.9666666666666667,114.13333333333334,5.294117647058823,Female_likely,train,014,Female_likely__train__mouse014,annotator1,public_data/calms21_task2_converted_nas/CalMS21/Female_likely/task2_annotator1_train_mouse014/Manual_Scoring_annotator1.csv
mount,26,7.007692307692308,3.9166666666666665,182.2,1.6583982990786676,Female_likely,train,014,Female_likely__train__mouse014,annotator1,public_data/calms21_task2_converted_nas/CalMS21/Female_likely/task2_annotator1_train_mouse014/Manual_Scoring_annotator1.csv
other,67,9.616915422885572,7.5,644.3333333333334,4.2735648476257975,Female_likely,train,014,Female_likely__train__mouse014,annotator1,public_data/calms21_task2_converted_nas/CalMS21/Female_likely/task2_annotator1_train_mouse014/Manual_Scoring_annotator1.csv
investigation,40,1.9125,1.2,76.5,5.301133853629804,Female_likely,test,012,Female_likely__test__mouse012,annotator2,public_data/calms21_task2_converted_nas/CalMS21/Female_likely/task2_annotator2_test_mouse012/Manual_Scoring_annotator2.csv
mount,6,3.6777777777777776,3.4833333333333334,22.066666666666666,0.7951700780444706,Female_likely,test,012,Female_likely__test__mouse012,annotator2,public_data/calms21_task2_converted_nas/CalMS21/Female_likely/task2_annotator2_test_mouse012/Manual_Scoring_annotator2.csv
other,42,8.432539682539684,3.3166666666666664,354.1666666666667,5.566190546311295,Female_likely,test,012,Female_likely__test__mouse012,annotator2,public_data/calms21_task2_converted_nas/CalMS21/Female_likely/task2_annotator2_test_mouse012/Manual_Scoring_annotator2.csv
investigation,57,2.610526315789474,1.3333333333333333,148.8,5.442682085830991,Female_likely,train,002,Female_likely__train__mouse002,annotator2,public_data/calms21_task2_converted_nas/CalMS21/Female_likely/task2_annotator2_train_mouse002/Manual_Scoring_annotator2.csv
mount,10,1.6866666666666668,2.033333333333333,16.866666666666667,0.9548565062861387,Female_likely,train,002,Female_likely__train__mouse002,annotator2,public_data/calms21_task2_converted_nas/CalMS21/Female_likely/task2_annotator2_train_mouse002/Manual_Scoring_annotator2.csv
other,58,7.977586206896552,5.183333333333334,462.7,5.538167736459605,Female_likely,train,002,Female_likely__train__mouse002,annotator2,public_data/calms21_task2_converted_nas/CalMS21/Female_likely/task2_annotator2_train_mouse002/Manual_Scoring_annotator2.csv
investigation,69,1.921256038647343,1.2333333333333334,132.56666666666666,7.530010913059296,Female_likely,train,003,Female_likely__train__mouse003,annotator2,public_data/calms21_task2_converted_nas/CalMS21/Female_likely/task2_annotator2_train_mouse003/Manual_Scoring_annotator2.csv
mount,29,2.4298850574712643,1.6333333333333333,70.46666666666667,3.1647871953437616,Female_likely,train,003,Female_likely__train__mouse003,annotator2,public_data/calms21_task2_converted_nas/CalMS21/Female_likely/task2_annotator2_train_mouse003/Manual_Scoring_annotator2.csv
other,76,4.5627192982456135,1.5333333333333334,346.76666666666665,8.293925063659513,Female_likely,train,003,Female_likely__train__mouse003,annotator2,public_data/calms21_task2_converted_nas/CalMS21/Female_likely/task2_annotator2_train_mouse003/Manual_Scoring_annotator2.csv
investigation,81,2.863374485596708,1.3,231.93333333333334,6.094298612272195,Female_likely,train,011,Female_likely__train__mouse011,annotator2,public_data/calms21_task2_converted_nas/CalMS21/Female_likely/task2_annotator2_train_mouse011/Manual_Scoring_annotator2.csv
mount,29,1.3701149425287356,1.3333333333333333,39.733333333333334,2.1819093797023905,Female_likely,train,011,Female_likely__train__mouse011,annotator2,public_data/calms21_task2_converted_nas/CalMS21/Female_likely/task2_annotator2_train_mouse011/Manual_Scoring_annotator2.csv
other,86,6.1139534883720925,2.8833333333333333,525.8,6.470489884634676,Female_likely,train,011,Female_likely__train__mouse011,annotator2,public_data/calms21_task2_converted_nas/CalMS21/Female_likely/task2_annotator2_train_mouse011/Manual_Scoring_annotator2.csv
investigation,49,2.1006802721088436,1.1333333333333333,102.93333333333334,4.5682912933133055,Female_likely,test,008,Female_likely__test__mouse008,annotator3,public_data/calms21_task2_converted_nas/CalMS21/Female_likely/task2_annotator3_test_mouse008/Manual_Scoring_annotator3.csv
mount,30,2.3144444444444447,1.1,69.43333333333334,2.7969130367224317,Female_likely,test,008,Female_likely__test__mouse008,annotator3,public_data/calms21_task2_converted_nas/CalMS21/Female_likely/task2_annotator3_test_mouse008/Manual_Scoring_annotator3.csv
other,49,9.616326530612245,8.833333333333334,471.2,4.5682912933133055,Female_likely,test,008,Female_likely__test__mouse008,annotator3,public_data/calms21_task2_converted_nas/CalMS21/Female_likely/task2_annotator3_test_mouse008/Manual_Scoring_annotator3.csv
investigation,45,2.4896296296296296,1.6,112.03333333333333,4.195369555083648,Female_likely,test,008,Female_likely__test__mouse008,annotator4,public_data/calms21_task2_converted_nas/CalMS21/Female_likely/task2_annotator3_test_mouse008/Manual_Scoring_annotator4.csv
mount,16,3.5833333333333335,2.1666666666666665,57.333333333333336,1.4916869529186303,Female_likely,test,008,Female_likely__test__mouse008,annotator4,public_data/calms21_task2_converted_nas/CalMS21/Female_likely/task2_annotator3_test_mouse008/Manual_Scoring_annotator4.csv
other,46,10.308695652173913,8.066666666666666,474.2,4.288599989641062,Female_likely,test,008,Female_likely__test__mouse008,annotator4,public_data/calms21_task2_converted_nas/CalMS21/Female_likely/task2_annotator3_test_mouse008/Manual_Scoring_annotator4.csv
investigation,46,4.780434782608696,3.0,219.9,4.216315307057745,Female_likely,test,010,Female_likely__test__mouse010,annotator3,public_data/calms21_task2_converted_nas/CalMS21/Female_likely/task2_annotator3_test_mouse010/Manual_Scoring_annotator3.csv
mount,6,28.616666666666664,5.566666666666666,171.7,0.5499541704857929,Female_likely,test,010,Female_likely__test__mouse010,annotator3,public_data/calms21_task2_converted_nas/CalMS21/Female_likely/task2_annotator3_test_mouse010/Manual_Scoring_annotator3.csv
other,47,5.595744680851064,3.466666666666667,263.0,4.307974335472044,Female_likely,test,010,Female_likely__test__mouse010,annotator3,public_data/calms21_task2_converted_nas/CalMS21/Female_likely/task2_annotator3_test_mouse010/Manual_Scoring_annotator3.csv
investigation,38,6.010526315789474,3.666666666666667,228.4,3.4830430797433545,Female_likely,test,010,Female_likely__test__mouse010,annotator4,public_data/calms21_task2_converted_nas/CalMS21/Female_likely/task2_annotator3_test_mouse010/Manual_Scoring_annotator4.csv
mount,5,33.49333333333333,8.133333333333333,167.46666666666667,0.458295142071494,Female_likely,test,010,Female_likely__test__mouse010,annotator4,public_data/calms21_task2_converted_nas/CalMS21/Female_likely/task2_annotator3_test_mouse010/Manual_Scoring_annotator4.csv
other,38,6.8087719298245615,5.233333333333333,258.73333333333335,3.4830430797433545,Female_likely,test,010,Female_likely__test__mouse010,annotator4,public_data/calms21_task2_converted_nas/CalMS21/Female_likely/task2_annotator3_test_mouse010/Manual_Scoring_annotator4.csv
investigation,37,4.003603603603604,1.7333333333333334,148.13333333333333,2.7416433393709863,Female_likely,train,001,Female_likely__train__mouse001,annotator3,public_data/calms21_task2_converted_nas/CalMS21/Female_likely/task2_annotator3_train_mouse001/Manual_Scoring_annotator3.csv
mount,23,4.179710144927536,3.3666666666666667,96.13333333333333,1.7042647785279104,Female_likely,train,001,Female_likely__train__mouse001,annotator3,public_data/calms21_task2_converted_nas/CalMS21/Female_likely/task2_annotator3_train_mouse001/Manual_Scoring_annotator3.csv
other,42,13.463492063492064,9.149999999999999,565.4666666666667,3.1121356825292277,Female_likely,train,001,Female_likely__train__mouse001,annotator3,public_data/calms21_task2_converted_nas/CalMS21/Female_likely/task2_annotator3_train_mouse001/Manual_Scoring_annotator3.csv
investigation,31,4.596774193548387,1.9,142.5,2.2970525275810965,Female_likely,train,001,Female_likely__train__mouse001,annotator4,public_data/calms21_task2_converted_nas/CalMS21/Female_likely/task2_annotator3_train_mouse001/Manual_Scoring_annotator4.csv
mount,17,5.354901960784313,3.9,91.03333333333333,1.2596739667380206,Female_likely,train,001,Female_likely__train__mouse001,annotator4,public_data/calms21_task2_converted_nas/CalMS21/Female_likely/task2_annotator3_train_mouse001/Manual_Scoring_annotator4.csv
other,41,14.053658536585367,9.9,576.2,3.0380372138975793,Female_likely,train,001,Female_likely__train__mouse001,annotator4,public_data/calms21_task2_converted_nas/CalMS21/Female_likely/task2_annotator3_train_mouse001/Manual_Scoring_annotator4.csv
investigation,17,4.519607843137256,3.2,76.83333333333334,4.607739798223159,Female_likely,train,005,Female_likely__train__mouse005,annotator3,public_data/calms21_task2_converted_nas/CalMS21/Female_likely/task2_annotator3_train_mouse005/Manual_Scoring_annotator3.csv
mount,15,1.728888888888889,1.2666666666666666,25.933333333333334,4.065652763138082,Female_likely,train,005,Female_likely__train__mouse005,annotator3,public_data/calms21_task2_converted_nas/CalMS21/Female_likely/task2_annotator3_train_mouse005/Manual_Scoring_annotator3.csv
other,25,4.744,3.033333333333333,118.6,6.776087938563469,Female_likely,train,005,Female_likely__train__mouse005,annotator3,public_data/calms21_task2_converted_nas/CalMS21/Female_likely/task2_annotator3_train_mouse005/Manual_Scoring_annotator3.csv
investigation,10,9.389999999999999,4.75,93.89999999999999,2.7104351754253875,Female_likely,train,005,Female_likely__train__mouse005,annotator4,public_data/calms21_task2_converted_nas/CalMS21/Female_likely/task2_annotator3_train_mouse005/Manual_Scoring_annotator4.csv
mount,5,2.506666666666667,2.4,12.533333333333333,1.3552175877126937,Female_likely,train,005,Female_likely__train__mouse005,annotator4,public_data/calms21_task2_converted_nas/CalMS21/Female_likely/task2_annotator3_train_mouse005/Manual_Scoring_annotator4.csv
other,15,7.662222222222223,4.233333333333333,114.93333333333334,4.065652763138082,Female_likely,train,005,Female_likely__train__mouse005,annotator4,public_data/calms21_task2_converted_nas/CalMS21/Female_likely/task2_annotator3_train_mouse005/Manual_Scoring_annotator4.csv
investigation,35,4.058095238095238,3.066666666666667,142.03333333333333,3.3787407486860457,Female_likely,train,007,Female_likely__train__mouse007,annotator3,public_data/calms21_task2_converted_nas/CalMS21/Female_likely/task2_annotator3_train_mouse007/Manual_Scoring_annotator3.csv
mount,10,21.66,21.9,216.6,0.9653544996245844,Female_likely,train,007,Female_likely__train__mouse007,annotator3,public_data/calms21_task2_converted_nas/CalMS21/Female_likely/task2_annotator3_train_mouse007/Manual_Scoring_annotator3.csv
other,38,6.918421052631579,5.516666666666667,262.9,3.668347098573421,Female_likely,train,007,Female_likely__train__mouse007,annotator3,public_data/calms21_task2_converted_nas/CalMS21/Female_likely/task2_annotator3_train_mouse007/Manual_Scoring_annotator3.csv
investigation,28,5.251190476190476,4.1,147.03333333333333,2.7029925989488364,Female_likely,train,007,Female_likely__train__mouse007,annotator4,public_data/calms21_task2_converted_nas/CalMS21/Female_likely/task2_annotator3_train_mouse007/Manual_Scoring_annotator4.csv
mount,9,24.003703703703703,22.0,216.03333333333333,0.868819049662126,Female_likely,train,007,Female_likely__train__mouse007,annotator4,public_data/calms21_task2_converted_nas/CalMS21/Female_likely/task2_annotator3_train_mouse007/Manual_Scoring_annotator4.csv
other,33,7.8323232323232315,5.733333333333333,258.46666666666664,3.185669848761129,Female_likely,train,007,Female_likely__train__mouse007,annotator4,public_data/calms21_task2_converted_nas/CalMS21/Female_likely/task2_annotator3_train_mouse007/Manual_Scoring_annotator4.csv
investigation,45,2.4896296296296296,1.6,112.03333333333333,4.195369555083648,Female_likely,test,008,Female_likely__test__mouse008,annotator4,public_data/calms21_task2_converted_nas/CalMS21/Female_likely/task2_annotator4_test_mouse008/Manual_Scoring_annotator4.csv
mount,16,3.5833333333333335,2.1666666666666665,57.333333333333336,1.4916869529186303,Female_likely,test,008,Female_likely__test__mouse008,annotator4,public_data/calms21_task2_converted_nas/CalMS21/Female_likely/task2_annotator4_test_mouse008/Manual_Scoring_annotator4.csv
other,46,10.308695652173913,8.066666666666666,474.2,4.288599989641062,Female_likely,test,008,Female_likely__test__mouse008,annotator4,public_data/calms21_task2_converted_nas/CalMS21/Female_likely/task2_annotator4_test_mouse008/Manual_Scoring_annotator4.csv
investigation,38,6.010526315789474,3.666666666666667,228.4,3.4830430797433545,Female_likely,test,010,Female_likely__test__mouse010,annotator4,public_data/calms21_task2_converted_nas/CalMS21/Female_likely/task2_annotator4_test_mouse010/Manual_Scoring_annotator4.csv
mount,5,33.49333333333333,8.133333333333333,167.46666666666667,0.458295142071494,Female_likely,test,010,Female_likely__test__mouse010,annotator4,public_data/calms21_task2_converted_nas/CalMS21/Female_likely/task2_annotator4_test_mouse010/Manual_Scoring_annotator4.csv
other,38,6.8087719298245615,5.233333333333333,258.73333333333335,3.4830430797433545,Female_likely,test,010,Female_likely__test__mouse010,annotator4,public_data/calms21_task2_converted_nas/CalMS21/Female_likely/task2_annotator4_test_mouse010/Manual_Scoring_annotator4.csv
investigation,31,4.596774193548387,1.9,142.5,2.2970525275810965,Female_likely,train,001,Female_likely__train__mouse001,annotator4,public_data/calms21_task2_converted_nas/CalMS21/Female_likely/task2_annotator4_train_mouse001/Manual_Scoring_annotator4.csv
mount,17,5.354901960784313,3.9,91.03333333333333,1.2596739667380206,Female_likely,train,001,Female_likely__train__mouse001,annotator4,public_data/calms21_task2_converted_nas/CalMS21/Female_likely/task2_annotator4_train_mouse001/Manual_Scoring_annotator4.csv
other,41,14.053658536585367,9.9,576.2,3.0380372138975793,Female_likely,train,001,Female_likely__train__mouse001,annotator4,public_data/calms21_task2_converted_nas/CalMS21/Female_likely/task2_annotator4_train_mouse001/Manual_Scoring_annotator4.csv
investigation,17,4.519607843137256,3.2,76.83333333333334,4.607739798223159,Female_likely,train,005,Female_likely__train__mouse005,annotator3,public_data/calms21_task2_converted_nas/CalMS21/Female_likely/task2_annotator4_train_mouse005/Manual_Scoring_annotator3.csv
mount,15,1.728888888888889,1.2666666666666666,25.933333333333334,4.065652763138082,Female_likely,train,005,Female_likely__train__mouse005,annotator3,public_data/calms21_task2_converted_nas/CalMS21/Female_likely/task2_annotator4_train_mouse005/Manual_Scoring_annotator3.csv
other,25,4.744,3.033333333333333,118.6,6.776087938563469,Female_likely,train,005,Female_likely__train__mouse005,annotator3,public_data/calms21_task2_converted_nas/CalMS21/Female_likely/task2_annotator4_train_mouse005/Manual_Scoring_annotator3.csv
investigation,28,5.251190476190476,4.1,147.03333333333333,2.7029925989488364,Female_likely,train,007,Female_likely__train__mouse007,annotator4,public_data/calms21_task2_converted_nas/CalMS21/Female_likely/task2_annotator4_train_mouse007/Manual_Scoring_annotator4.csv
mount,9,24.003703703703703,22.0,216.03333333333333,0.868819049662126,Female_likely,train,007,Female_likely__train__mouse007,annotator4,public_data/calms21_task2_converted_nas/CalMS21/Female_likely/task2_annotator4_train_mouse007/Manual_Scoring_annotator4.csv
other,33,7.8323232323232315,5.733333333333333,258.46666666666664,3.185669848761129,Female_likely,train,007,Female_likely__train__mouse007,annotator4,public_data/calms21_task2_converted_nas/CalMS21/Female_likely/task2_annotator4_train_mouse007/Manual_Scoring_annotator4.csv
investigation,59,3.749717514124294,2.0,221.23333333333335,5.7915689589354855,Female_likely,test,021,Female_likely__test__mouse021,annotator5,public_data/calms21_task2_converted_nas/CalMS21/Female_likely/task2_annotator5_test_mouse021/Manual_Scoring_annotator5.csv
mount,6,2.2555555555555555,1.5,13.533333333333333,0.5889731144680155,Female_likely,test,021,Female_likely__test__mouse021,annotator5,public_data/calms21_task2_converted_nas/CalMS21/Female_likely/task2_annotator5_test_mouse021/Manual_Scoring_annotator5.csv
other,56,6.722619047619048,4.916666666666666,376.4666666666667,5.497082401701477,Female_likely,test,021,Female_likely__test__mouse021,annotator5,public_data/calms21_task2_converted_nas/CalMS21/Female_likely/task2_annotator5_test_mouse021/Manual_Scoring_annotator5.csv
investigation,66,3.1297979797979796,1.2666666666666666,206.56666666666666,6.619121907733453,Female_likely,train,002,Female_likely__train__mouse002,annotator5,public_data/calms21_task2_converted_nas/CalMS21/Female_likely/task2_annotator5_train_mouse002/Manual_Scoring_annotator5.csv
mount,12,1.4527777777777777,1.15,17.433333333333334,1.2034767104969915,Female_likely,train,002,Female_likely__train__mouse002,annotator5,public_data/calms21_task2_converted_nas/CalMS21/Female_likely/task2_annotator5_train_mouse002/Manual_Scoring_annotator5.csv
other,56,6.683333333333333,4.833333333333334,374.26666666666665,5.61622464898596,Female_likely,train,002,Female_likely__train__mouse002,annotator5,public_data/calms21_task2_converted_nas/CalMS21/Female_likely/task2_annotator5_train_mouse002/Manual_Scoring_annotator5.csv
investigation,34,4.245098039215685,1.8666666666666667,144.33333333333331,6.334747955698167,Female_likely,train,024,Female_likely__train__mouse024,annotator5,public_data/calms21_task2_converted_nas/CalMS21/Female_likely/task2_annotator5_train_mouse024/Manual_Scoring_annotator5.csv
mount,3,1.2444444444444445,1.3333333333333333,3.7333333333333334,0.5589483490321913,Female_likely,train,024,Female_likely__train__mouse024,annotator5,public_data/calms21_task2_converted_nas/CalMS21/Female_likely/task2_annotator5_train_mouse024/Manual_Scoring_annotator5.csv
other,32,5.436458333333333,4.366666666666667,173.96666666666667,5.96211572301004,Female_likely,train,024,Female_likely__train__mouse024,annotator5,public_data/calms21_task2_converted_nas/CalMS21/Female_likely/task2_annotator5_train_mouse024/Manual_Scoring_annotator5.csv
investigation,29,2.2816091954022992,1.6333333333333333,66.16666666666667,4.959148774463234,Female_likely,train,025,Female_likely__train__mouse025,annotator5,public_data/calms21_task2_converted_nas/CalMS21/Female_likely/task2_annotator5_train_mouse025/Manual_Scoring_annotator5.csv
mount,5,2.0933333333333333,1.9,10.466666666666667,0.8550256507695231,Female_likely,train,025,Female_likely__train__mouse025,annotator5,public_data/calms21_task2_converted_nas/CalMS21/Female_likely/task2_annotator5_train_mouse025/Manual_Scoring_annotator5.csv
other,27,10.15679012345679,6.3,274.23333333333335,4.617138514155425,Female_likely,train,025,Female_likely__train__mouse025,annotator5,public_data/calms21_task2_converted_nas/CalMS21/Female_likely/task2_annotator5_train_mouse025/Manual_Scoring_annotator5.csv
attack,34,1.9431372549019608,1.4833333333333334,66.06666666666666,3.1750972762645913,Male_likely,test,005,Male_likely__test__mouse005,annotator1,public_data/calms21_task2_converted_nas/CalMS21/Male_likely/task2_annotator1_test_mouse005/Manual_Scoring_annotator1.csv
investigation,87,2.011877394636015,0.8666666666666667,175.03333333333333,8.124513618677042,Male_likely,test,005,Male_likely__test__mouse005,annotator1,public_data/calms21_task2_converted_nas/CalMS21/Male_likely/task2_annotator1_test_mouse005/Manual_Scoring_annotator1.csv
other,66,6.081818181818181,2.6333333333333333,401.4,6.163424124513618,Male_likely,test,005,Male_likely__test__mouse005,annotator1,public_data/calms21_task2_converted_nas/CalMS21/Male_likely/task2_annotator1_test_mouse005/Manual_Scoring_annotator1.csv
attack,20,2.128333333333333,1.2833333333333332,42.56666666666666,2.0573779860555494,Male_likely,test,006,Male_likely__test__mouse006,annotator1,public_data/calms21_task2_converted_nas/CalMS21/Male_likely/task2_annotator1_test_mouse006/Manual_Scoring_annotator1.csv
investigation,93,1.5129032258064514,0.7333333333333333,140.7,9.566807635158305,Male_likely,test,006,Male_likely__test__mouse006,annotator1,public_data/calms21_task2_converted_nas/CalMS21/Male_likely/task2_annotator1_test_mouse006/Manual_Scoring_annotator1.csv
other,78,5.128205128205129,3.15,400.0,8.023774145616642,Male_likely,test,006,Male_likely__test__mouse006,annotator1,public_data/calms21_task2_converted_nas/CalMS21/Male_likely/task2_annotator1_test_mouse006/Manual_Scoring_annotator1.csv
attack,17,2.7333333333333334,2.2333333333333334,46.46666666666667,1.7030276046304542,Male_likely,test,007,Male_likely__test__mouse007,annotator1,public_data/calms21_task2_converted_nas/CalMS21/Male_likely/task2_annotator1_test_mouse007/Manual_Scoring_annotator1.csv
investigation,72,1.7259259259259259,0.95,124.26666666666667,7.212822796081924,Male_likely,test,007,Male_likely__test__mouse007,annotator1,public_data/calms21_task2_converted_nas/CalMS21/Male_likely/task2_annotator1_test_mouse007/Manual_Scoring_annotator1.csv
other,65,6.587692307692308,2.466666666666667,428.2,6.511576135351737,Male_likely,test,007,Male_likely__test__mouse007,annotator1,public_data/calms21_task2_converted_nas/CalMS21/Male_likely/task2_annotator1_test_mouse007/Manual_Scoring_annotator1.csv
attack,20,2.46,2.25,49.2,2.073613271124935,Male_likely,test,008,Male_likely__test__mouse008,annotator1,public_data/calms21_task2_converted_nas/CalMS21/Male_likely/task2_annotator1_test_mouse008/Manual_Scoring_annotator1.csv
investigation,85,2.2737254901960786,1.1,193.26666666666668,8.812856402280973,Male_likely,test,008,Male_likely__test__mouse008,annotator1,public_data/calms21_task2_converted_nas/CalMS21/Male_likely/task2_annotator1_test_mouse008/Manual_Scoring_annotator1.csv
mount,1,2.1,2.1,2.1,0.10368066355624675,Male_likely,test,008,Male_likely__test__mouse008,annotator1,public_data/calms21_task2_converted_nas/CalMS21/Male_likely/task2_annotator1_test_mouse008/Manual_Scoring_annotator1.csv
other,81,4.125102880658436,1.9333333333333333,334.1333333333333,8.398133748055987,Male_likely,test,008,Male_likely__test__mouse008,annotator1,public_data/calms21_task2_converted_nas/CalMS21/Male_likely/task2_annotator1_test_mouse008/Manual_Scoring_annotator1.csv
attack,12,3.3277777777777775,3.216666666666667,39.93333333333333,1.2776529042943334,Male_likely,test,009,Male_likely__test__mouse009,annotator1,public_data/calms21_task2_converted_nas/CalMS21/Male_likely/task2_annotator1_test_mouse009/Manual_Scoring_annotator1.csv
investigation,83,3.4614457831325303,1.5333333333333334,287.3,8.837099254702473,Male_likely,test,009,Male_likely__test__mouse009,annotator1,public_data/calms21_task2_converted_nas/CalMS21/Male_likely/task2_annotator1_test_mouse009/Manual_Scoring_annotator1.csv
mount,2,1.2,1.2,2.4,0.21294215071572226,Male_likely,test,009,Male_likely__test__mouse009,annotator1,public_data/calms21_task2_converted_nas/CalMS21/Male_likely/task2_annotator1_test_mouse009/Manual_Scoring_annotator1.csv
other,73,3.2041095890410958,1.7333333333333334,233.9,7.772388501123862,Male_likely,test,009,Male_likely__test__mouse009,annotator1,public_data/calms21_task2_converted_nas/CalMS21/Male_likely/task2_annotator1_test_mouse009/Manual_Scoring_annotator1.csv
attack,18,2.4444444444444446,1.5499999999999998,44.0,1.8179777802715744,Male_likely,test,010,Male_likely__test__mouse010,annotator1,public_data/calms21_task2_converted_nas/CalMS21/Male_likely/task2_annotator1_test_mouse010/Manual_Scoring_annotator1.csv
investigation,52,1.0108974358974359,0.55,52.56666666666666,5.251935809673437,Male_likely,test,010,Male_likely__test__mouse010,annotator1,public_data/calms21_task2_converted_nas/CalMS21/Male_likely/task2_annotator1_test_mouse010/Manual_Scoring_annotator1.csv
other,54,9.212962962962964,4.05,497.5,5.453933340814723,Male_likely,test,010,Male_likely__test__mouse010,annotator1,public_data/calms21_task2_converted_nas/CalMS21/Male_likely/task2_annotator1_test_mouse010/Manual_Scoring_annotator1.csv
attack,29,1.4781609195402299,0.9333333333333333,42.86666666666667,3.002933900937698,Male_likely,test,011,Male_likely__test__mouse011,annotator1,public_data/calms21_task2_converted_nas/CalMS21/Male_likely/task2_annotator1_test_mouse011/Manual_Scoring_annotator1.csv
investigation,87,1.8988505747126436,0.8666666666666667,165.2,9.008801702813093,Male_likely,test,011,Male_likely__test__mouse011,annotator1,public_data/calms21_task2_converted_nas/CalMS21/Male_likely/task2_annotator1_test_mouse011/Manual_Scoring_annotator1.csv
other,97,3.8285223367697596,2.1333333333333333,371.3666666666667,10.044296151412299,Male_likely,test,011,Male_likely__test__mouse011,annotator1,public_data/calms21_task2_converted_nas/CalMS21/Male_likely/task2_annotator1_test_mouse011/Manual_Scoring_annotator1.csv
attack,7,3.5,2.7,24.5,0.7260992335619202,Male_likely,train,001,Male_likely__train__mouse001,annotator1,public_data/calms21_task2_converted_nas/CalMS21/Male_likely/task2_annotator1_train_mouse001/Manual_Scoring_annotator1.csv
investigation,75,3.1466666666666665,1.6666666666666667,236.0,7.779634645306288,Male_likely,train,001,Male_likely__train__mouse001,annotator1,public_data/calms21_task2_converted_nas/CalMS21/Male_likely/task2_annotator1_train_mouse001/Manual_Scoring_annotator1.csv
other,73,4.355251141552511,1.9333333333333333,317.93333333333334,7.572177721431454,Male_likely,train,001,Male_likely__train__mouse001,annotator1,public_data/calms21_task2_converted_nas/CalMS21/Male_likely/task2_annotator1_train_mouse001/Manual_Scoring_annotator1.csv
attack,38,1.6008771929824561,1.1,60.833333333333336,3.927648578811369,Male_likely,train,002,Male_likely__train__mouse002,annotator1,public_data/calms21_task2_converted_nas/CalMS21/Male_likely/task2_annotator1_train_mouse002/Manual_Scoring_annotator1.csv
investigation,76,1.745175438596491,0.8500000000000001,132.63333333333333,7.855297157622738,Male_likely,train,002,Male_likely__train__mouse002,annotator1,public_data/calms21_task2_converted_nas/CalMS21/Male_likely/task2_annotator1_train_mouse002/Manual_Scoring_annotator1.csv
other,78,4.961965811965811,2.4000000000000004,387.0333333333333,8.062015503875969,Male_likely,train,002,Male_likely__train__mouse002,annotator1,public_data/calms21_task2_converted_nas/CalMS21/Male_likely/task2_annotator1_train_mouse002/Manual_Scoring_annotator1.csv
attack,36,1.8120370370370371,1.2833333333333332,65.23333333333333,3.7209302325581395,Male_likely,train,012,Male_likely__train__mouse012,annotator1,public_data/calms21_task2_converted_nas/CalMS21/Male_likely/task2_annotator1_train_mouse012/Manual_Scoring_annotator1.csv
investigation,81,1.8279835390946502,1.0333333333333334,148.06666666666666,8.372093023255813,Male_likely,train,012,Male_likely__train__mouse012,annotator1,public_data/calms21_task2_converted_nas/CalMS21/Male_likely/task2_annotator1_train_mouse012/Manual_Scoring_annotator1.csv
other,65,5.64923076923077,1.3666666666666667,367.20000000000005,6.718346253229973,Male_likely,train,012,Male_likely__train__mouse012,annotator1,public_data/calms21_task2_converted_nas/CalMS21/Male_likely/task2_annotator1_train_mouse012/Manual_Scoring_annotator1.csv
attack,40,1.4158333333333333,0.7333333333333334,56.63333333333333,2.665482007996446,Male_likely,test,006,Male_likely__test__mouse006,annotator2,public_data/calms21_task2_converted_nas/CalMS21/Male_likely/task2_annotator2_test_mouse006/Manual_Scoring_annotator2.csv
investigation,29,0.6448275862068965,0.5,18.7,1.9324744557974234,Male_likely,test,006,Male_likely__test__mouse006,annotator2,public_data/calms21_task2_converted_nas/CalMS21/Male_likely/task2_annotator2_test_mouse006/Manual_Scoring_annotator2.csv
other,63,13.096296296296297,2.2666666666666666,825.0666666666667,4.198134162594402,Male_likely,test,006,Male_likely__test__mouse006,annotator2,public_data/calms21_task2_converted_nas/CalMS21/Male_likely/task2_annotator2_test_mouse006/Manual_Scoring_annotator2.csv
attack,16,1.1770833333333333,0.7833333333333334,18.833333333333332,0.9823986901350796,Male_likely,test,008,Male_likely__test__mouse008,annotator2,public_data/calms21_task2_converted_nas/CalMS21/Male_likely/task2_annotator2_test_mouse008/Manual_Scoring_annotator2.csv
investigation,109,3.686238532110092,1.4333333333333333,401.8,6.692591076545231,Male_likely,test,008,Male_likely__test__mouse008,annotator2,public_data/calms21_task2_converted_nas/CalMS21/Male_likely/task2_annotator2_test_mouse008/Manual_Scoring_annotator2.csv
other,116,4.797988505747127,2.0166666666666666,556.5666666666667,7.122390503479328,Male_likely,test,008,Male_likely__test__mouse008,annotator2,public_data/calms21_task2_converted_nas/CalMS21/Male_likely/task2_annotator2_test_mouse008/Manual_Scoring_annotator2.csv
attack,31,2.052688172043011,1.3,63.63333333333333,2.042235479266552,Male_likely,test,009,Male_likely__test__mouse009,annotator2,public_data/calms21_task2_converted_nas/CalMS21/Male_likely/task2_annotator2_test_mouse009/Manual_Scoring_annotator2.csv
investigation,87,0.7555555555555555,0.36666666666666664,65.73333333333333,5.731435054715807,Male_likely,test,009,Male_likely__test__mouse009,annotator2,public_data/calms21_task2_converted_nas/CalMS21/Male_likely/task2_annotator2_test_mouse009/Manual_Scoring_annotator2.csv
mount,5,0.38,0.4666666666666667,1.9,0.3293928192365406,Male_likely,test,009,Male_likely__test__mouse009,annotator2,public_data/calms21_task2_converted_nas/CalMS21/Male_likely/task2_annotator2_test_mouse009/Manual_Scoring_annotator2.csv
other,94,8.292553191489361,4.5,779.5,6.192585001646965,Male_likely,test,009,Male_likely__test__mouse009,annotator2,public_data/calms21_task2_converted_nas/CalMS21/Male_likely/task2_annotator2_test_mouse009/Manual_Scoring_annotator2.csv
attack,73,1.5360730593607306,1.1666666666666667,112.13333333333334,6.085869112130053,Male_likely,train,004,Male_likely__train__mouse004,annotator2,public_data/calms21_task2_converted_nas/CalMS21/Male_likely/task2_annotator2_train_mouse004/Manual_Scoring_annotator2.csv
investigation,93,0.9336917562724014,0.6333333333333333,86.83333333333333,7.75323051271363,Male_likely,train,004,Male_likely__train__mouse004,annotator2,public_data/calms21_task2_converted_nas/CalMS21/Male_likely/task2_annotator2_train_mouse004/Manual_Scoring_annotator2.csv
mount,5,0.9933333333333334,0.9333333333333333,4.966666666666667,0.4168403501458941,Male_likely,train,004,Male_likely__train__mouse004,annotator2,public_data/calms21_task2_converted_nas/CalMS21/Male_likely/task2_annotator2_train_mouse004/Manual_Scoring_annotator2.csv
other,92,5.606159420289855,1.1,515.7666666666667,7.669862442684451,Male_likely,train,004,Male_likely__train__mouse004,annotator2,public_data/calms21_task2_converted_nas/CalMS21/Male_likely/task2_annotator2_train_mouse004/Manual_Scoring_annotator2.csv
attack,38,1.8017543859649123,1.5666666666666669,68.46666666666667,2.4931656642974303,Male_likely,train,007,Male_likely__train__mouse007,annotator2,public_data/calms21_task2_converted_nas/CalMS21/Male_likely/task2_annotator2_train_mouse007/Manual_Scoring_annotator2.csv
investigation,92,1.6677536231884058,1.0666666666666667,153.43333333333334,6.036085292509568,Male_likely,train,007,Male_likely__train__mouse007,annotator2,public_data/calms21_task2_converted_nas/CalMS21/Male_likely/task2_annotator2_train_mouse007/Manual_Scoring_annotator2.csv
mount,1,1.0,1.0,1.0,0.06560962274466922,Male_likely,train,007,Male_likely__train__mouse007,annotator2,public_data/calms21_task2_converted_nas/CalMS21/Male_likely/task2_annotator2_train_mouse007/Manual_Scoring_annotator2.csv
other,89,7.770786516853933,2.7666666666666666,691.6,5.83925642427556,Male_likely,train,007,Male_likely__train__mouse007,annotator2,public_data/calms21_task2_converted_nas/CalMS21/Male_likely/task2_annotator2_train_mouse007/Manual_Scoring_annotator2.csv
attack,11,1.9303030303030304,1.4,21.233333333333334,1.10398661834402,Male_likely,test,003,Male_likely__test__mouse003,annotator3,public_data/calms21_task2_converted_nas/CalMS21/Male_likely/task2_annotator3_test_mouse003/Manual_Scoring_annotator3.csv
investigation,42,4.563492063492063,3.0666666666666664,191.66666666666666,4.215221633677167,Male_likely,test,003,Male_likely__test__mouse003,annotator3,public_data/calms21_task2_converted_nas/CalMS21/Male_likely/task2_annotator3_test_mouse003/Manual_Scoring_annotator3.csv
other,48,8.019444444444444,5.966666666666667,384.93333333333334,4.817396152773905,Male_likely,test,003,Male_likely__test__mouse003,annotator3,public_data/calms21_task2_converted_nas/CalMS21/Male_likely/task2_annotator3_test_mouse003/Manual_Scoring_annotator3.csv
attack,4,5.2,3.533333333333333,20.8,0.40144967939782544,Male_likely,test,003,Male_likely__test__mouse003,annotator4,public_data/calms21_task2_converted_nas/CalMS21/Male_likely/task2_annotator3_test_mouse003/Manual_Scoring_annotator4.csv
investigation,43,5.242635658914729,3.2,225.43333333333334,4.315584053526623,Male_likely,test,003,Male_likely__test__mouse003,annotator4,public_data/calms21_task2_converted_nas/CalMS21/Male_likely/task2_annotator3_test_mouse003/Manual_Scoring_annotator4.csv
other,45,7.8133333333333335,6.033333333333333,351.6,4.516308893225536,Male_likely,test,003,Male_likely__test__mouse003,annotator4,public_data/calms21_task2_converted_nas/CalMS21/Male_likely/task2_annotator3_test_mouse003/Manual_Scoring_annotator4.csv
attack,40,2.853333333333333,2.1166666666666667,114.13333333333333,3.564532897668202,Male_likely,test,009,Male_likely__test__mouse009,annotator3,public_data/calms21_task2_converted_nas/CalMS21/Male_likely/task2_annotator3_test_mouse009/Manual_Scoring_annotator3.csv
investigation,10,2.263333333333333,2.333333333333333,22.633333333333333,0.8911332244170505,Male_likely,test,009,Male_likely__test__mouse009,annotator3,public_data/calms21_task2_converted_nas/CalMS21/Male_likely/task2_annotator3_test_mouse009/Manual_Scoring_annotator3.csv
other,47,11.415602836879431,3.3666666666666667,536.5333333333333,4.188326154760137,Male_likely,test,009,Male_likely__test__mouse009,annotator3,public_data/calms21_task2_converted_nas/CalMS21/Male_likely/task2_annotator3_test_mouse009/Manual_Scoring_annotator3.csv
attack,21,7.480952380952381,5.533333333333333,157.1,1.8713797712758058,Male_likely,test,009,Male_likely__test__mouse009,annotator4,public_data/calms21_task2_converted_nas/CalMS21/Male_likely/task2_annotator3_test_mouse009/Manual_Scoring_annotator4.csv
investigation,3,1.511111111111111,0.9333333333333333,4.533333333333333,0.2673399673251151,Male_likely,test,009,Male_likely__test__mouse009,annotator4,public_data/calms21_task2_converted_nas/CalMS21/Male_likely/task2_annotator3_test_mouse009/Manual_Scoring_annotator4.csv
other,24,21.319444444444443,8.683333333333334,511.66666666666663,2.138719738600921,Male_likely,test,009,Male_likely__test__mouse009,annotator4,public_data/calms21_task2_converted_nas/CalMS21/Male_likely/task2_annotator3_test_mouse009/Manual_Scoring_annotator4.csv
attack,19,2.501754385964912,1.5333333333333334,47.53333333333333,1.8489484781315888,Male_likely,train,002,Male_likely__train__mouse002,annotator3,public_data/calms21_task2_converted_nas/CalMS21/Male_likely/task2_annotator3_train_mouse002/Manual_Scoring_annotator3.csv
investigation,13,3.8846153846153846,3.2333333333333334,50.5,1.2650700113531923,Male_likely,train,002,Male_likely__train__mouse002,annotator3,public_data/calms21_task2_converted_nas/CalMS21/Male_likely/task2_annotator3_train_mouse002/Manual_Scoring_annotator3.csv
mount,2,0.8333333333333333,0.8333333333333333,1.6666666666666665,0.19462615559279883,Male_likely,train,002,Male_likely__train__mouse002,annotator3,public_data/calms21_task2_converted_nas/CalMS21/Male_likely/task2_annotator3_train_mouse002/Manual_Scoring_annotator3.csv
other,25,20.674666666666667,1.9,516.8666666666667,2.4328269449099853,Male_likely,train,002,Male_likely__train__mouse002,annotator3,public_data/calms21_task2_converted_nas/CalMS21/Male_likely/task2_annotator3_train_mouse002/Manual_Scoring_annotator3.csv
attack,8,8.270833333333334,8.35,66.16666666666667,0.7785046223711953,Male_likely,train,002,Male_likely__train__mouse002,annotator4,public_data/calms21_task2_converted_nas/CalMS21/Male_likely/task2_annotator3_train_mouse002/Manual_Scoring_annotator4.csv
investigation,7,6.685714285714286,5.666666666666667,46.800000000000004,0.6811915445747959,Male_likely,train,002,Male_likely__train__mouse002,annotator4,public_data/calms21_task2_converted_nas/CalMS21/Male_likely/task2_annotator3_train_mouse002/Manual_Scoring_annotator4.csv
other,15,33.57333333333334,2.7666666666666666,503.6,1.4596961669459911,Male_likely,train,002,Male_likely__train__mouse002,annotator4,public_data/calms21_task2_converted_nas/CalMS21/Male_likely/task2_annotator3_train_mouse002/Manual_Scoring_annotator4.csv
attack,30,2.21,1.65,66.3,2.78508432616432,Male_likely,train,004,Male_likely__train__mouse004,annotator3,public_data/calms21_task2_converted_nas/CalMS21/Male_likely/task2_annotator3_train_mouse004/Manual_Scoring_annotator3.csv
investigation,16,1.8895833333333334,1.65,30.233333333333334,1.4853783072876374,Male_likely,train,004,Male_likely__train__mouse004,annotator3,public_data/calms21_task2_converted_nas/CalMS21/Male_likely/task2_annotator3_train_mouse004/Manual_Scoring_annotator3.csv
other,36,15.271296296296295,3.783333333333333,549.7666666666667,3.342101191397184,Male_likely,train,004,Male_likely__train__mouse004,annotator3,public_data/calms21_task2_converted_nas/CalMS21/Male_likely/task2_annotator3_train_mouse004/Manual_Scoring_annotator3.csv
attack,23,3.9333333333333336,3.6,90.46666666666667,2.135231316725979,Male_likely,train,004,Male_likely__train__mouse004,annotator4,public_data/calms21_task2_converted_nas/CalMS21/Male_likely/task2_annotator3_train_mouse004/Manual_Scoring_annotator4.csv
investigation,8,2.4916666666666667,2.4166666666666665,19.933333333333334,0.7426891536438187,Male_likely,train,004,Male_likely__train__mouse004,annotator4,public_data/calms21_task2_converted_nas/CalMS21/Male_likely/task2_annotator3_train_mouse004/Manual_Scoring_annotator4.csv
other,29,18.479310344827585,4.266666666666667,535.9,2.692248181958843,Male_likely,train,004,Male_likely__train__mouse004,annotator4,public_data/calms21_task2_converted_nas/CalMS21/Male_likely/task2_annotator3_train_mouse004/Manual_Scoring_annotator4.csv
attack,91,1.9326007326007326,1.5,175.86666666666667,8.208469055374593,Male_likely,train,006,Male_likely__train__mouse006,annotator3,public_data/calms21_task2_converted_nas/CalMS21/Male_likely/task2_annotator3_train_mouse006/Manual_Scoring_annotator3.csv
investigation,19,1.8666666666666667,1.8,35.46666666666667,1.7138561763968931,Male_likely,train,006,Male_likely__train__mouse006,annotator3,public_data/calms21_task2_converted_nas/CalMS21/Male_likely/task2_annotator3_train_mouse006/Manual_Scoring_annotator3.csv
other,96,4.727430555555555,1.8166666666666667,453.8333333333333,8.659483838636934,Male_likely,train,006,Male_likely__train__mouse006,annotator3,public_data/calms21_task2_converted_nas/CalMS21/Male_likely/task2_annotator3_train_mouse006/Manual_Scoring_annotator3.csv
attack,26,10.493589743589743,6.0,272.8333333333333,2.3452768729641695,Male_likely,train,006,Male_likely__train__mouse006,annotator4,public_data/calms21_task2_converted_nas/CalMS21/Male_likely/task2_annotator3_train_mouse006/Manual_Scoring_annotator4.csv
investigation,8,1.2958333333333334,1.1,10.366666666666667,0.7216236532197444,Male_likely,train,006,Male_likely__train__mouse006,annotator4,public_data/calms21_task2_converted_nas/CalMS21/Male_likely/task2_annotator3_train_mouse006/Manual_Scoring_annotator4.csv
other,35,10.913333333333332,5.1,381.96666666666664,3.157103482836382,Male_likely,train,006,Male_likely__train__mouse006,annotator4,public_data/calms21_task2_converted_nas/CalMS21/Male_likely/task2_annotator3_train_mouse006/Manual_Scoring_annotator4.csv
attack,4,5.2,3.533333333333333,20.8,0.40144967939782544,Male_likely,test,003,Male_likely__test__mouse003,annotator4,public_data/calms21_task2_converted_nas/CalMS21/Male_likely/task2_annotator4_test_mouse003/Manual_Scoring_annotator4.csv
investigation,43,5.242635658914729,3.2,225.43333333333334,4.315584053526623,Male_likely,test,003,Male_likely__test__mouse003,annotator4,public_data/calms21_task2_converted_nas/CalMS21/Male_likely/task2_annotator4_test_mouse003/Manual_Scoring_annotator4.csv
other,45,7.8133333333333335,6.033333333333333,351.6,4.516308893225536,Male_likely,test,003,Male_likely__test__mouse003,annotator4,public_data/calms21_task2_converted_nas/CalMS21/Male_likely/task2_annotator4_test_mouse003/Manual_Scoring_annotator4.csv
attack,21,7.480952380952381,5.533333333333333,157.1,1.8713797712758058,Male_likely,test,009,Male_likely__test__mouse009,annotator4,public_data/calms21_task2_converted_nas/CalMS21/Male_likely/task2_annotator4_test_mouse009/Manual_Scoring_annotator4.csv
investigation,3,1.511111111111111,0.9333333333333333,4.533333333333333,0.2673399673251151,Male_likely,test,009,Male_likely__test__mouse009,annotator4,public_data/calms21_task2_converted_nas/CalMS21/Male_likely/task2_annotator4_test_mouse009/Manual_Scoring_annotator4.csv
other,24,21.319444444444443,8.683333333333334,511.66666666666663,2.138719738600921,Male_likely,test,009,Male_likely__test__mouse009,annotator4,public_data/calms21_task2_converted_nas/CalMS21/Male_likely/task2_annotator4_test_mouse009/Manual_Scoring_annotator4.csv
attack,8,8.270833333333334,8.35,66.16666666666667,0.7785046223711953,Male_likely,train,002,Male_likely__train__mouse002,annotator4,public_data/calms21_task2_converted_nas/CalMS21/Male_likely/task2_annotator4_train_mouse002/Manual_Scoring_annotator4.csv
investigation,7,6.685714285714286,5.666666666666667,46.800000000000004,0.6811915445747959,Male_likely,train,002,Male_likely__train__mouse002,annotator4,public_data/calms21_task2_converted_nas/CalMS21/Male_likely/task2_annotator4_train_mouse002/Manual_Scoring_annotator4.csv
other,15,33.57333333333334,2.7666666666666666,503.6,1.4596961669459911,Male_likely,train,002,Male_likely__train__mouse002,annotator4,public_data/calms21_task2_converted_nas/CalMS21/Male_likely/task2_annotator4_train_mouse002/Manual_Scoring_annotator4.csv
attack,23,3.9333333333333336,3.6,90.46666666666667,2.135231316725979,Male_likely,train,004,Male_likely__train__mouse004,annotator4,public_data/calms21_task2_converted_nas/CalMS21/Male_likely/task2_annotator4_train_mouse004/Manual_Scoring_annotator4.csv
investigation,8,2.4916666666666667,2.4166666666666665,19.933333333333334,0.7426891536438187,Male_likely,train,004,Male_likely__train__mouse004,annotator4,public_data/calms21_task2_converted_nas/CalMS21/Male_likely/task2_annotator4_train_mouse004/Manual_Scoring_annotator4.csv
other,29,18.479310344827585,4.266666666666667,535.9,2.692248181958843,Male_likely,train,004,Male_likely__train__mouse004,annotator4,public_data/calms21_task2_converted_nas/CalMS21/Male_likely/task2_annotator4_train_mouse004/Manual_Scoring_annotator4.csv
attack,26,10.493589743589743,6.0,272.8333333333333,2.3452768729641695,Male_likely,train,006,Male_likely__train__mouse006,annotator4,public_data/calms21_task2_converted_nas/CalMS21/Male_likely/task2_annotator4_train_mouse006/Manual_Scoring_annotator4.csv
investigation,8,1.2958333333333334,1.1,10.366666666666667,0.7216236532197444,Male_likely,train,006,Male_likely__train__mouse006,annotator4,public_data/calms21_task2_converted_nas/CalMS21/Male_likely/task2_annotator4_train_mouse006/Manual_Scoring_annotator4.csv
other,35,10.913333333333332,5.1,381.96666666666664,3.157103482836382,Male_likely,train,006,Male_likely__train__mouse006,annotator4,public_data/calms21_task2_converted_nas/CalMS21/Male_likely/task2_annotator4_train_mouse006/Manual_Scoring_annotator4.csv
attack,20,1.1099999999999999,0.8666666666666667,22.2,1.86799501867995,Male_likely,test,003,Male_likely__test__mouse003,annotator5,public_data/calms21_task2_converted_nas/CalMS21/Male_likely/task2_annotator5_test_mouse003/Manual_Scoring_annotator5.csv
investigation,81,1.1930041152263375,0.6333333333333333,96.63333333333334,7.565379825653798,Male_likely,test,003,Male_likely__test__mouse003,annotator5,public_data/calms21_task2_converted_nas/CalMS21/Male_likely/task2_annotator5_test_mouse003/Manual_Scoring_annotator5.csv
other,82,6.384959349593497,1.9833333333333334,523.5666666666667,7.658779576587795,Male_likely,test,003,Male_likely__test__mouse003,annotator5,public_data/calms21_task2_converted_nas/CalMS21/Male_likely/task2_annotator5_test_mouse003/Manual_Scoring_annotator5.csv
attack,16,0.6083333333333334,0.48333333333333334,9.733333333333334,1.5640273704789835,Male_likely,test,010,Male_likely__test__mouse010,annotator5,public_data/calms21_task2_converted_nas/CalMS21/Male_likely/task2_annotator5_test_mouse010/Manual_Scoring_annotator5.csv
investigation,79,2.1118143459915615,1.0666666666666667,166.83333333333334,7.722385141739982,Male_likely,test,010,Male_likely__test__mouse010,annotator5,public_data/calms21_task2_converted_nas/CalMS21/Male_likely/task2_annotator5_test_mouse010/Manual_Scoring_annotator5.csv
other,78,5.605555555555556,3.3833333333333333,437.23333333333335,7.624633431085045,Male_likely,test,010,Male_likely__test__mouse010,annotator5,public_data/calms21_task2_converted_nas/CalMS21/Male_likely/task2_annotator5_test_mouse010/Manual_Scoring_annotator5.csv
attack,31,0.7258064516129032,0.5,22.5,2.9710878015015174,Male_likely,test,011,Male_likely__test__mouse011,annotator5,public_data/calms21_task2_converted_nas/CalMS21/Male_likely/task2_annotator5_test_mouse011/Manual_Scoring_annotator5.csv
investigation,35,0.9495238095238095,0.5333333333333333,33.233333333333334,3.354453969437197,Male_likely,test,011,Male_likely__test__mouse011,annotator5,public_data/calms21_task2_converted_nas/CalMS21/Male_likely/task2_annotator5_test_mouse011/Manual_Scoring_annotator5.csv
other,48,11.88125,2.216666666666667,570.3,4.600394015228156,Male_likely,test,011,Male_likely__test__mouse011,annotator5,public_data/calms21_task2_converted_nas/CalMS21/Male_likely/task2_annotator5_test_mouse011/Manual_Scoring_annotator5.csv
attack,29,0.6114942528735633,0.4666666666666667,17.733333333333334,2.877618522601985,Male_likely,test,012,Male_likely__test__mouse012,annotator5,public_data/calms21_task2_converted_nas/CalMS21/Male_likely/task2_annotator5_test_mouse012/Manual_Scoring_annotator5.csv
investigation,97,1.1670103092783506,0.6333333333333333,113.2,9.625137816979052,Male_likely,test,012,Male_likely__test__mouse012,annotator5,public_data/calms21_task2_converted_nas/CalMS21/Male_likely/task2_annotator5_test_mouse012/Manual_Scoring_annotator5.csv
other,98,4.834013605442177,2.283333333333333,473.73333333333335,9.724366041896362,Male_likely,test,012,Male_likely__test__mouse012,annotator5,public_data/calms21_task2_converted_nas/CalMS21/Male_likely/task2_annotator5_test_mouse012/Manual_Scoring_annotator5.csv
attack,44,0.9924242424242423,0.7,43.666666666666664,4.3892706716914205,Male_likely,test,014,Male_likely__test__mouse014,annotator5,public_data/calms21_task2_converted_nas/CalMS21/Male_likely/task2_annotator5_test_mouse014/Manual_Scoring_annotator5.csv
investigation,51,0.9196078431372549,0.4,46.9,5.087563733096874,Male_likely,test,014,Male_likely__test__mouse014,annotator5,public_data/calms21_task2_converted_nas/CalMS21/Male_likely/task2_annotator5_test_mouse014/Manual_Scoring_annotator5.csv
other,78,6.55,1.1,510.9,7.780979827089337,Male_likely,test,014,Male_likely__test__mouse014,annotator5,public_data/calms21_task2_converted_nas/CalMS21/Male_likely/task2_annotator5_test_mouse014/Manual_Scoring_annotator5.csv
attack,75,0.9422222222222223,0.7666666666666667,70.66666666666667,7.312713287470884,Male_likely,test,016,Male_likely__test__mouse016,annotator5,public_data/calms21_task2_converted_nas/CalMS21/Male_likely/task2_annotator5_test_mouse016/Manual_Scoring_annotator5.csv
investigation,29,0.8689655172413793,0.6,25.2,2.8275824711554085,Male_likely,test,016,Male_likely__test__mouse016,annotator5,public_data/calms21_task2_converted_nas/CalMS21/Male_likely/task2_annotator5_test_mouse016/Manual_Scoring_annotator5.csv
other,73,7.116438356164384,0.7333333333333333,519.5,7.1177075998049935,Male_likely,test,016,Male_likely__test__mouse016,annotator5,public_data/calms21_task2_converted_nas/CalMS21/Male_likely/task2_annotator5_test_mouse016/Manual_Scoring_annotator5.csv
attack,74,1.5945945945945945,0.8,118.0,7.524148449415352,Male_likely,test,019,Male_likely__test__mouse019,annotator5,public_data/calms21_task2_converted_nas/CalMS21/Male_likely/task2_annotator5_test_mouse019/Manual_Scoring_annotator5.csv
investigation,70,1.5042857142857142,0.9,105.3,7.117437722419928,Male_likely,test,019,Male_likely__test__mouse019,annotator5,public_data/calms21_task2_converted_nas/CalMS21/Male_likely/task2_annotator5_test_mouse019/Manual_Scoring_annotator5.csv
other,96,3.8208333333333333,1.0666666666666667,366.8,9.761057447890188,Male_likely,test,019,Male_likely__test__mouse019,annotator5,public_data/calms21_task2_converted_nas/CalMS21/Male_likely/task2_annotator5_test_mouse019/Manual_Scoring_annotator5.csv
attack,66,0.6691919191919191,0.5166666666666666,44.166666666666664,6.618384401114206,Male_likely,test,022,Male_likely__test__mouse022,annotator5,public_data/calms21_task2_converted_nas/CalMS21/Male_likely/task2_annotator5_test_mouse022/Manual_Scoring_annotator5.csv
investigation,47,0.827659574468085,0.5333333333333333,38.9,4.713091922005571,Male_likely,test,022,Male_likely__test__mouse022,annotator5,public_data/calms21_task2_converted_nas/CalMS21/Male_likely/task2_annotator5_test_mouse022/Manual_Scoring_annotator5.csv
other,80,6.440833333333333,1.1333333333333333,515.2666666666667,8.022284122562674,Male_likely,test,022,Male_likely__test__mouse022,annotator5,public_data/calms21_task2_converted_nas/CalMS21/Male_likely/task2_annotator5_test_mouse022/Manual_Scoring_annotator5.csv
attack,5,2.52,2.3,12.6,0.5027090431771212,Male_likely,test,023,Male_likely__test__mouse023,annotator5,public_data/calms21_task2_converted_nas/CalMS21/Male_likely/task2_annotator5_test_mouse023/Manual_Scoring_annotator5.csv
investigation,63,3.0825396825396822,1.1,194.2,6.334133944031726,Male_likely,test,023,Male_likely__test__mouse023,annotator5,public_data/calms21_task2_converted_nas/CalMS21/Male_likely/task2_annotator5_test_mouse023/Manual_Scoring_annotator5.csv
other,59,6.6096045197740105,4.6,389.96666666666664,5.9319667094900295,Male_likely,test,023,Male_likely__test__mouse023,annotator5,public_data/calms21_task2_converted_nas/CalMS21/Male_likely/task2_annotator5_test_mouse023/Manual_Scoring_annotator5.csv
attack,7,2.219047619047619,1.3333333333333333,15.533333333333333,0.6790256520801897,Male_likely,test,026,Male_likely__test__mouse026,annotator5,public_data/calms21_task2_converted_nas/CalMS21/Male_likely/task2_annotator5_test_mouse026/Manual_Scoring_annotator5.csv
investigation,69,1.817391304347826,0.7666666666666667,125.39999999999999,6.693252856219012,Male_likely,test,026,Male_likely__test__mouse026,annotator5,public_data/calms21_task2_converted_nas/CalMS21/Male_likely/task2_annotator5_test_mouse026/Manual_Scoring_annotator5.csv
other,65,7.3476923076923075,5.733333333333333,477.59999999999997,6.305238197887475,Male_likely,test,026,Male_likely__test__mouse026,annotator5,public_data/calms21_task2_converted_nas/CalMS21/Male_likely/task2_annotator5_test_mouse026/Manual_Scoring_annotator5.csv
attack,55,0.8696969696969697,0.6,47.833333333333336,5.4799070076386585,Male_likely,train,001,Male_likely__train__mouse001,annotator5,public_data/calms21_task2_converted_nas/CalMS21/Male_likely/task2_annotator5_train_mouse001/Manual_Scoring_annotator5.csv
investigation,104,1.5432692307692308,0.8833333333333333,160.5,10.362005978080372,Male_likely,train,001,Male_likely__train__mouse001,annotator5,public_data/calms21_task2_converted_nas/CalMS21/Male_likely/task2_annotator5_train_mouse001/Manual_Scoring_annotator5.csv
other,68,5.792156862745098,3.2333333333333334,393.8666666666667,6.7751577548987045,Male_likely,train,001,Male_likely__train__mouse001,annotator5,public_data/calms21_task2_converted_nas/CalMS21/Male_likely/task2_annotator5_train_mouse001/Manual_Scoring_annotator5.csv
attack,15,1.4644444444444444,0.9666666666666667,21.966666666666665,1.4787228216222137,Male_likely,train,007,Male_likely__train__mouse007,annotator5,public_data/calms21_task2_converted_nas/CalMS21/Male_likely/task2_annotator5_train_mouse007/Manual_Scoring_annotator5.csv
investigation,58,1.700574712643678,0.8500000000000001,98.63333333333333,5.717728243605893,Male_likely,train,007,Male_likely__train__mouse007,annotator5,public_data/calms21_task2_converted_nas/CalMS21/Male_likely/task2_annotator5_train_mouse007/Manual_Scoring_annotator5.csv
other,54,9.037654320987654,4.433333333333334,488.0333333333333,5.323402157839969,Male_likely,train,007,Male_likely__train__mouse007,annotator5,public_data/calms21_task2_converted_nas/CalMS21/Male_likely/task2_annotator5_train_mouse007/Manual_Scoring_annotator5.csv
attack,27,0.8654320987654321,0.7666666666666667,23.366666666666667,2.7115996205992303,Male_likely,train,008,Male_likely__train__mouse008,annotator5,public_data/calms21_task2_converted_nas/CalMS21/Male_likely/task2_annotator5_train_mouse008/Manual_Scoring_annotator5.csv
investigation,54,2.5413580246913576,1.1333333333333333,137.23333333333332,5.423199241198461,Male_likely,train,008,Male_likely__train__mouse008,annotator5,public_data/calms21_task2_converted_nas/CalMS21/Male_likely/task2_annotator5_train_mouse008/Manual_Scoring_annotator5.csv
other,51,8.565359477124185,1.2333333333333334,436.83333333333337,5.121910394465213,Male_likely,train,008,Male_likely__train__mouse008,annotator5,public_data/calms21_task2_converted_nas/CalMS21/Male_likely/task2_annotator5_train_mouse008/Manual_Scoring_annotator5.csv
investigation,69,9.084057971014492,5.033333333333333,626.8,4.5806594379287455,Undetermined,test,005,Undetermined__test__mouse005,annotator2,public_data/calms21_task2_converted_nas/CalMS21/Undetermined/task2_annotator2_test_mouse005/Manual_Scoring_annotator2.csv
other,69,4.0144927536231885,2.2333333333333334,277.0,4.5806594379287455,Undetermined,test,005,Undetermined__test__mouse005,annotator2,public_data/calms21_task2_converted_nas/CalMS21/Undetermined/task2_annotator2_test_mouse005/Manual_Scoring_annotator2.csv
investigation,86,1.558139534883721,0.7833333333333334,134.0,5.825681168146922,Undetermined,test,010,Undetermined__test__mouse010,annotator2,public_data/calms21_task2_converted_nas/CalMS21/Undetermined/task2_annotator2_test_mouse010/Manual_Scoring_annotator2.csv
other,87,8.640613026819924,6.833333333333333,751.7333333333333,5.8934216468463045,Undetermined,test,010,Undetermined__test__mouse010,annotator2,public_data/calms21_task2_converted_nas/CalMS21/Undetermined/task2_annotator2_test_mouse010/Manual_Scoring_annotator2.csv
attack,32,1.8072916666666667,1.1666666666666667,57.833333333333336,2.107728337236534,Undetermined,train,001,Undetermined__train__mouse001,annotator2,public_data/calms21_task2_converted_nas/CalMS21/Undetermined/task2_annotator2_train_mouse001/Manual_Scoring_annotator2.csv
investigation,101,4.094389438943895,1.8333333333333333,413.53333333333336,6.652517564402811,Undetermined,train,001,Undetermined__train__mouse001,annotator2,public_data/calms21_task2_converted_nas/CalMS21/Undetermined/task2_annotator2_train_mouse001/Manual_Scoring_annotator2.csv
mount,17,1.211764705882353,1.1666666666666667,20.6,1.1197306791569088,Undetermined,train,001,Undetermined__train__mouse001,annotator2,public_data/calms21_task2_converted_nas/CalMS21/Undetermined/task2_annotator2_train_mouse001/Manual_Scoring_annotator2.csv
other,113,3.7076696165191736,1.4666666666666666,418.96666666666664,7.442915690866512,Undetermined,train,001,Undetermined__train__mouse001,annotator2,public_data/calms21_task2_converted_nas/CalMS21/Undetermined/task2_annotator2_train_mouse001/Manual_Scoring_annotator2.csv
investigation,69,2.8043478260869565,0.9333333333333333,193.5,6.986948694869487,Undetermined,test,004,Undetermined__test__mouse004,annotator5,public_data/calms21_task2_converted_nas/CalMS21/Undetermined/task2_annotator5_test_mouse004/Manual_Scoring_annotator5.csv
other,70,5.7004761904761905,3.3166666666666664,399.0333333333333,7.088208820882088,Undetermined,test,004,Undetermined__test__mouse004,annotator5,public_data/calms21_task2_converted_nas/CalMS21/Undetermined/task2_annotator5_test_mouse004/Manual_Scoring_annotator5.csv
investigation,75,2.481777777777778,1.1666666666666667,186.13333333333333,7.515448421755831,Undetermined,test,005,Undetermined__test__mouse005,annotator5,public_data/calms21_task2_converted_nas/CalMS21/Undetermined/task2_annotator5_test_mouse005/Manual_Scoring_annotator5.csv
mount,1,0.13333333333333333,0.13333333333333333,0.13333333333333333,0.10020597895674442,Undetermined,test,005,Undetermined__test__mouse005,annotator5,public_data/calms21_task2_converted_nas/CalMS21/Undetermined/task2_annotator5_test_mouse005/Manual_Scoring_annotator5.csv
other,75,5.5,2.1666666666666665,412.5,7.515448421755831,Undetermined,test,005,Undetermined__test__mouse005,annotator5,public_data/calms21_task2_converted_nas/CalMS21/Undetermined/task2_annotator5_test_mouse005/Manual_Scoring_annotator5.csv
investigation,74,2.523873873873874,0.8500000000000001,186.76666666666668,7.3741903338315895,Undetermined,test,006,Undetermined__test__mouse006,annotator5,public_data/calms21_task2_converted_nas/CalMS21/Undetermined/task2_annotator5_test_mouse006/Manual_Scoring_annotator5.csv
other,75,5.5377777777777775,2.7666666666666666,415.3333333333333,7.473841554559043,Undetermined,test,006,Undetermined__test__mouse006,annotator5,public_data/calms21_task2_converted_nas/CalMS21/Undetermined/task2_annotator5_test_mouse006/Manual_Scoring_annotator5.csv
investigation,83,1.630120481927711,1.0333333333333334,135.3,8.243668266843239,Undetermined,test,009,Undetermined__test__mouse009,annotator5,public_data/calms21_task2_converted_nas/CalMS21/Undetermined/task2_annotator5_test_mouse009/Manual_Scoring_annotator5.csv
other,83,5.648192771084338,2.5,468.8,8.243668266843239,Undetermined,test,009,Undetermined__test__mouse009,annotator5,public_data/calms21_task2_converted_nas/CalMS21/Undetermined/task2_annotator5_test_mouse009/Manual_Scoring_annotator5.csv
investigation,73,1.3543378995433788,0.9333333333333333,98.86666666666666,7.455742169768497,Undetermined,test,013,Undetermined__test__mouse013,annotator5,public_data/calms21_task2_converted_nas/CalMS21/Undetermined/task2_annotator5_test_mouse013/Manual_Scoring_annotator5.csv
other,74,6.602702702702703,4.466666666666667,488.6,7.557875624148887,Undetermined,test,013,Undetermined__test__mouse013,annotator5,public_data/calms21_task2_converted_nas/CalMS21/Undetermined/task2_annotator5_test_mouse013/Manual_Scoring_annotator5.csv
attack,5,1.2133333333333334,0.6666666666666666,6.066666666666666,0.4986425840766801,Undetermined,test,015,Undetermined__test__mouse015,annotator5,public_data/calms21_task2_converted_nas/CalMS21/Undetermined/task2_annotator5_test_mouse015/Manual_Scoring_annotator5.csv
investigation,65,2.276923076923077,1.2333333333333334,148.0,6.482353592996842,Undetermined,test,015,Undetermined__test__mouse015,annotator5,public_data/calms21_task2_converted_nas/CalMS21/Undetermined/task2_annotator5_test_mouse015/Manual_Scoring_annotator5.csv
mount,2,1.4666666666666666,1.4666666666666666,2.933333333333333,0.19945703363067205,Undetermined,test,015,Undetermined__test__mouse015,annotator5,public_data/calms21_task2_converted_nas/CalMS21/Undetermined/task2_annotator5_test_mouse015/Manual_Scoring_annotator5.csv
other,65,6.840512820512821,2.566666666666667,444.6333333333333,6.482353592996842,Undetermined,test,015,Undetermined__test__mouse015,annotator5,public_data/calms21_task2_converted_nas/CalMS21/Undetermined/task2_annotator5_test_mouse015/Manual_Scoring_annotator5.csv
investigation,97,2.2628865979381443,1.1,219.5,9.744391115079807,Undetermined,test,017,Undetermined__test__mouse017,annotator5,public_data/calms21_task2_converted_nas/CalMS21/Undetermined/task2_annotator5_test_mouse017/Manual_Scoring_annotator5.csv
mount,1,0.4,0.4,0.4,0.1004576403616475,Undetermined,test,017,Undetermined__test__mouse017,annotator5,public_data/calms21_task2_converted_nas/CalMS21/Undetermined/task2_annotator5_test_mouse017/Manual_Scoring_annotator5.csv
other,97,3.890378006872852,2.5,377.3666666666667,9.744391115079807,Undetermined,test,017,Undetermined__test__mouse017,annotator5,public_data/calms21_task2_converted_nas/CalMS21/Undetermined/task2_annotator5_test_mouse017/Manual_Scoring_annotator5.csv
investigation,56,3.3636904761904765,1.9666666666666668,188.36666666666667,5.580159433126661,Undetermined,test,018,Undetermined__test__mouse018,annotator5,public_data/calms21_task2_converted_nas/CalMS21/Undetermined/task2_annotator5_test_mouse018/Manual_Scoring_annotator5.csv
mount,1,0.6666666666666666,0.6666666666666666,0.6666666666666666,0.09964570416297608,Undetermined,test,018,Undetermined__test__mouse018,annotator5,public_data/calms21_task2_converted_nas/CalMS21/Undetermined/task2_annotator5_test_mouse018/Manual_Scoring_annotator5.csv
other,57,7.247368421052632,5.366666666666666,413.1,5.6798051372896365,Undetermined,test,018,Undetermined__test__mouse018,annotator5,public_data/calms21_task2_converted_nas/CalMS21/Undetermined/task2_annotator5_test_mouse018/Manual_Scoring_annotator5.csv
investigation,97,2.1054982817869417,0.9,204.23333333333332,9.254743983886355,Undetermined,test,020,Undetermined__test__mouse020,annotator5,public_data/calms21_task2_converted_nas/CalMS21/Undetermined/task2_annotator5_test_mouse020/Manual_Scoring_annotator5.csv
other,97,4.377663230240549,2.566666666666667,424.6333333333333,9.254743983886355,Undetermined,test,020,Undetermined__test__mouse020,annotator5,public_data/calms21_task2_converted_nas/CalMS21/Undetermined/task2_annotator5_test_mouse020/Manual_Scoring_annotator5.csv
