record_key,sex_group,split,mouse,annotator_a,annotator_b,n_frames_compared,accuracy,balanced_accuracy,macro_f1,weighted_f1,cohen_kappa,mcc,adjusted_rand,normalized_mutual_info
Female_likely__train__mouse003,Female_likely,train,mouse003,annotator1,annotator2,16494,0.4039044501030678,0.36370697363392424,0.33802458534792285,0.36444119121130614,0.04193096288459075,0.04464791973783397,0.02276819194555807,0.014850608014396607
Female_likely__train__mouse002,Female_likely,train,mouse002,annotator2,annotator5,17948,0.6485959438377535,0.46320573399027837,0.44812535273511706,0.6644548529847005,0.23448578043486457,0.24110240466235147,0.11181267870738362,0.04853631089294546
Female_likely__test__mouse008,Female_likely,test,mouse008,annotator3,annotator4,19307,0.9218936137152328,0.8554400063036098,0.86701586422364,0.9218891482084861,0.8153775601183475,0.8159675246436876,0.7812561092828942,0.6216484732111585
Female_likely__test__mouse010,Female_likely,test,mouse010,annotator3,annotator4,19638,0.9395050412465628,0.9432460674751687,0.9439153932743669,0.9397799943929638,0.9079060301034081,0.9080808796737051,0.818360832217306,0.7883136259795048
Female_likely__train__mouse001,Female_likely,train,mouse001,annotator3,annotator4,24292,0.9055656183105549,0.8502663061191004,0.859721772209907,0.9047376175334692,0.7935982282067418,0.7939300761139455,0.7235080573359697,0.5660896946301407
Female_likely__train__mouse005,Female_likely,train,mouse005,annotator3,annotator4,6641,0.8601114290016564,0.759471277243417,0.782293537442412,0.8520281416845269,0.7537049909490066,0.7606167360168221,0.6320024568014917,0.5210765684680227
Female_likely__train__mouse007,Female_likely,train,mouse007,annotator3,annotator4,18646,0.9312453073045157,0.9267862169530033,0.9247171849118767,0.9314988785507446,0.8940458810036451,0.8941282882847944,0.8170611518129011,0.7616072795455856
Male_likely__test__mouse006,Male_likely,test,mouse006,annotator1,annotator2,17498,0.6587610012572865,0.3338242716542457,0.2953753687465264,0.5648084965716536,0.024698291682487716,0.036509544214701324,0.022513640260264475,0.010687621851189478
Male_likely__test__mouse008,Male_likely,test,mouse008,annotator1,annotator2,17361,0.48804792350671045,0.27617755847504455,0.25609905852847725,0.474704253036334,0.08304890417753097,0.08731990074915223,0.004447900552417427,0.018637717874306518
Male_likely__test__mouse009,Male_likely,test,mouse009,annotator1,annotator2,16906,0.4000354903584526,0.27613723770658244,0.21654659274872562,0.3139099015266101,0.014933460645479846,0.022100223833915553,0.015872691364128694,0.00637047901196171
Male_likely__test__mouse009,Male_likely,test,mouse009,annotator1,annotator3,16906,0.3923459126937182,0.28002854732663535,0.20028734449644958,0.29851536741278933,0.059531504696466064,0.08589653314398554,0.0077721502492616315,0.020546492314253924
Male_likely__test__mouse009,Male_likely,test,mouse009,annotator1,annotator4,16906,0.3764344019874601,0.29339636955802934,0.19098508926963795,0.2715591037673826,0.07672229657163365,0.10943039211408608,0.022389064348247934,0.03145470134681595
Male_likely__test__mouse009,Male_likely,test,mouse009,annotator2,annotator3,20199,0.6901826823110055,0.25958923446896515,0.2489716070698084,0.7020548594059618,0.02265227725230534,0.023184200330324502,0.02103013854892277,0.0032354678855123537
Male_likely__test__mouse009,Male_likely,test,mouse009,annotator2,annotator4,20199,0.6687459775236397,0.2720058604783582,0.24201271872175084,0.6878181985688958,0.04048868207093359,0.043067406150068294,0.02865008365228025,0.005758795998655996
Male_likely__test__mouse009,Male_likely,test,mouse009,annotator3,annotator4,20199,0.901529778701916,0.6844580357585811,0.6864362049371927,0.8984331691305756,0.7223439818054838,0.729468968606389,0.6664161373564781,0.4945550188457223
Male_likely__test__mouse010,Male_likely,test,mouse010,annotator1,annotator5,17822,0.6435304679609472,0.36370997522665816,0.32224316844684814,0.6754890724855915,0.05167736429896774,0.05638352024514488,0.03730490682092814,0.00732354537756817
Male_likely__test__mouse011,Male_likely,test,mouse011,annotator1,annotator5,17383,0.6283150204222516,0.34690669387483264,0.3181914337161452,0.5466236563347342,0.07105808807738878,0.09680496936725837,0.03304271776312204,0.030398619093810263
Male_likely__train__mouse001,Male_likely,train,mouse001,annotator1,annotator5,17353,0.5291880366507232,0.3947902089163982,0.38021151804952735,0.5206832285604163,0.11156574948153697,0.11512643200315303,0.04052043310185562,0.015817009423956037
Male_likely__train__mouse002,Male_likely,train,mouse002,annotator1,annotator3,17415,0.6111398219925351,0.3610657056511463,0.2633049983262741,0.5618087205752977,0.07265720809527532,0.07931643798862953,0.07642922385139278,0.021201553986210885
Male_likely__train__mouse002,Male_likely,train,mouse002,annotator1,annotator4,17415,0.6138960666092449,0.3877184080841684,0.3791008908097458,0.573988318543896,0.1075982280920218,0.11517826464687995,0.09281088120213646,0.02778494985988579
Male_likely__train__mouse002,Male_likely,train,mouse002,annotator3,annotator4,18497,0.9458831161810023,0.670101786350425,0.641432222601625,0.9467443682962342,0.8200923793789678,0.8231303771815267,0.8399373872016986,0.6691970813516401
Male_likely__train__mouse004,Male_likely,train,mouse004,annotator2,annotator3,19389,0.6272113053793388,0.26723221124437513,0.2602572801724441,0.5730120304003532,0.053089477031663335,0.05854555774327753,0.047498038996621444,0.01118695080744534
Male_likely__train__mouse004,Male_likely,train,mouse004,annotator2,annotator4,19389,0.6254577337665687,0.2712977636074583,0.26322612141894086,0.5766569674611886,0.07298053125647364,0.0785023851870585,0.07071075408261353,0.014353864115451859
Male_likely__train__mouse004,Male_likely,train,mouse004,annotator3,annotator4,19389,0.9030893805766156,0.6751614091879355,0.6538282644537937,0.9027157000485604,0.6524825604712206,0.6558090842366178,0.689883547153328,0.4468863236433701
Male_likely__train__mouse007,Male_likely,train,mouse007,annotator2,annotator5,18259,0.6190371871405882,0.2607654390991093,0.25750167164310617,0.5872931150554282,0.04758528033924647,0.04917042698971403,0.0471274485475786,0.007506599641240076
Male_likely__test__mouse003,Male_likely,test,mouse003,annotator3,annotator4,17935,0.8478394201282409,0.7937663473242283,0.7853268448118956,0.8501574762591944,0.6951843158557286,0.6999047200229856,0.527055632323398,0.4193709315772175
Male_likely__test__mouse003,Male_likely,test,mouse003,annotator3,annotator5,17935,0.5403401170894898,0.2960594368558706,0.27771169109888555,0.49404115768469625,-0.07079309797097944,-0.07697747968192092,-0.0007328657397576199,0.020972180132778597
Male_likely__test__mouse003,Male_likely,test,mouse003,annotator4,annotator5,17935,0.512684694730973,0.30490225401088517,0.27993085058302447,0.45816988585106544,-0.04702187372175537,-0.05382071898628711,0.01324049368178369,0.02189183262023253
Male_likely__train__mouse006,Male_likely,train,mouse006,annotator3,annotator4,19955,0.801904284640441,0.6381730003690005,0.6300795408857404,0.8022292295019943,0.6029545839738002,0.6249891192960384,0.4448759062162791,0.35977267151232045
Undetermined__test__mouse005,Undetermined,test,mouse005,annotator2,annotator5,17963,0.35294772588097756,0.41280505772991505,0.23531858773263217,0.35393711895952024,-0.1293087135997184,-0.1734120230366092,0.06674964536602013,0.02402781417430315
